{"type":"FeatureCollection","features":[{"type":"Feature","id":"10464","properties":{"z":"10464"},"geometry":{"type":"MultiPolygon","coordinates":[[[[-73.78543,40.86247],[-73.78577,40.86288],[-73.78512,40.86292],[-73.78543,40.86247]]],[[[-73.76979,40.86513],[-73.77023,40.86514],[-73.77007,40.86553],[-73.76979,40.86513]]],[[[-73.78485,40.86167],[-73.7853,40.86203],[-73.78458,40.86217],[-73.78485,40.86167]]],[[[-73.77425,40.87429],[-73.77458,40.87411],[-73.77454,40.87471],[-73.7741,40.8749],[-73.77425,40.87429]]],[[[-73.7671,40.86671],[-73.76779,40.86678],[-73.7676,40.8675],[-73.76669,40.8671],[-73.7671,40.86671]]],[[[-73.77543,40.86153],[-73.77518,40.86213],[-73.77435,40.86226],[-73.77428,40.86178],[-73.77543,40.86153]]],[[[-73.78091,40.85497],[-73.78156,40.855],[-73.78123,40.85609],[-73.78062,40.85574],[-73.78091,40.85497]]],[[[-73.78931,40.83447],[-73.78951,40.83536],[-73.78846,40.83531],[-73.78833,40.83467],[-73.78931,40.83447]]],[[[-73.78302,40.85509],[-73.78395,40.85563],[-73.78343,40.85636],[-73.78283,40.85587],[-73.78302,40.85509]]],[[[-73.78487,40.86027],[-73.78431,40.85965],[-73.78485,40.85904],[-73.7875,40.8588],[-73.78755,40.85988],[-73.78487,40.86027]]],[[[-73.80264,40.84108],[-73.80695,40.84146],[-73.80681,40.84249],[-73.80393,40.84259],[-73.80222,40.84163],[-73.80264,40.84108]]],[[[-73.7725,40.85371],[-73.7724,40.86001],[-73.77068,40.86045],[-73.76751,40.85882],[-73.76466,40.85551],[-73.76769,40.85477],[-73.76856,40.85324],[-73.76819,40.85124],[-73.76941,40.84815],[-73.76726,40.84577],[-73.76873,40.84548],[-73.77155,40.84807],[-73.77109,40.85034],[-73.77271,40.8528],[-73.77198,40.85306],[-73.77195,40.85389],[-73.7725,40.85371]]],[[[-73.7857,40.85146],[-73.78367,40.85143],[-73.78487,40.85103],[-73.78359,40.85005],[-73.78276,40.84707],[-73.78208,40.84686],[-73.78171,40.84577],[-73.78308,40.84541],[-73.7824,40.84473],[-73.7833,40.84452],[-73.78295,40.84271],[-73.78223,40.84273],[-73.78156,40.84192],[-73.78131,40.84112],[-73.78248,40.84059],[-73.78158,40.8401],[-73.78146,40.83927],[-73.78403,40.83659],[-73.78568,40.83808],[-73.78543,40.83915],[-73.78684,40.83994],[-73.79119,40.84696],[-73.78943,40.85119],[-73.79256,40.85597],[-73.79203,40.85614],[-73.79245,40.857],[-73.79131,40.85814],[-73.79051,40.85814],[-73.79013,40.85896],[-73.78934,40.85882],[-73.78879,40.85796],[-73.78833,40.85361],[-73.7857,40.85146]]],[[[-73.81366,40.88871],[-73.79294,40.88341],[-73.79545,40.88089],[-73.79549,40.87939],[-73.79699,40.87738],[-73.79713,40.87619],[-73.79636,40.87658],[-73.79738,40.87504],[-73.7992,40.87513],[-73.80099,40.87337],[-73.80047,40.87295],[-73.80268,40.87076],[-73.80318,40.87168],[-73.8027,40.87221],[-73.80339,40.8725],[-73.80432,40.87116],[-73.80373,40.87096],[-73.80358,40.86995],[-73.80283,40.87008],[-73.80301,40.8695],[-73.80558,40.86938],[-73.80563,40.86992],[-73.80899,40.87158],[-73.80781,40.87077],[-73.80799,40.8701],[-73.80699,40.8701],[-73.80649,40.86925],[-73.8048,40.86859],[-73.80452,40.86717],[-73.80306,40.86752],[-73.80294,40.86617],[-73.80196,40.86597],[-73.79722,40.87335],[-73.79418,40.87472],[-73.79376,40.87615],[-73.7944,40.87764],[-73.7942,40.87868],[-73.79106,40.8811],[-73.78977,40.88098],[-73.78997,40.87989],[-73.78948,40.87943],[-73.78709,40.87953],[-73.78578,40.87888],[-73.78518,40.87775],[-73.7853,40.87663],[-73.78756,40.87255],[-73.78635,40.87281],[-73.78572,40.8737],[-73.78539,40.87205],[-73.78359,40.87378],[-73.78382,40.8728],[-73.78273,40.87242],[-73.78251,40.87166],[-73.78583,40.86905],[-73.79018,40.86815],[-73.7919,40.86083],[-73.79369,40.85918],[-73.79403,40.85655],[-73.79647,40.85621],[-73.79842,40.85496],[-73.79849,40.85066],[-73.80021,40.84793],[-73.80499,40.85324],[-73.80438,40.8533],[-73.8048,40.85472],[-73.80563,40.85471],[-73.80457,40.86119],[-73.80758,40.86039],[-73.80759,40.85866],[-73.81097,40.86271],[-73.81385,40.86403],[-73.8151,40.86306],[-73.81509,40.86524],[-73.81675,40.86454],[-73.81634,40.8661],[-73.82127,40.86907],[-73.8233,40.8731],[-73.81993,40.88212],[-73.8198,40.88545],[-73.81534,40.88678],[-73.81516,40.889],[-73.81366,40.88871]]]]}},{"type":"Feature","id":"10470","properties":{"z":"10470"},"geometry":{"type":"Polygon","coordinates":[[[-73.86563,40.90209],[-73.85931,40.90048],[-73.8594,40.90138],[-73.859,40.90148],[-73.8596,40.90218],[-73.8583,40.90208],[-73.8572,40.90288],[-73.857,40.90438],[-73.85759,40.90467],[-73.85612,40.90517],[-73.85632,40.90617],[-73.8541,40.90668],[-73.8538,40.90768],[-73.85488,40.90822],[-73.85294,40.90992],[-73.85218,40.90951],[-73.85112,40.91001],[-73.85353,40.90747],[-73.85106,40.90646],[-73.85022,40.90737],[-73.84532,40.90558],[-73.84473,40.90473],[-73.84572,40.9048],[-73.84543,40.90428],[-73.84605,40.90411],[-73.84598,40.90316],[-73.84658,40.90315],[-73.8468,40.90155],[-73.84955,40.90304],[-73.85343,40.89811],[-73.85539,40.89888],[-73.85624,40.89763],[-73.85704,40.89794],[-73.85619,40.89919],[-73.85926,40.90034],[-73.86288,40.89515],[-73.86356,40.89538],[-73.86756,40.88838],[-73.86807,40.88622],[-73.87092,40.88026],[-73.87495,40.87995],[-73.87467,40.88156],[-73.87813,40.88215],[-73.87761,40.88452],[-73.87783,40.8868],[-73.8804,40.89283],[-73.88029,40.89655],[-73.87941,40.89843],[-73.87819,40.90598],[-73.86563,40.90209]]]}},{"type":"Feature","id":"10455","properties":{"z":"10455"},"geometry":{"type":"Polygon","coordinates":[[[-73.91712,40.81751],[-73.9189,40.81797],[-73.91742,40.82128],[-73.91042,40.81975],[-73.91061,40.81922],[-73.90531,40.81793],[-73.90347,40.81874],[-73.90299,40.82003],[-73.9016,40.8197],[-73.90211,40.81851],[-73.90088,40.81781],[-73.90002,40.8186],[-73.89516,40.81568],[-73.89796,40.81297],[-73.90618,40.80731],[-73.90496,40.80853],[-73.91037,40.80965],[-73.91069,40.80881],[-73.91248,40.80934],[-73.91518,40.81043],[-73.91447,40.81165],[-73.91672,40.81275],[-73.91927,40.81373],[-73.92012,40.81289],[-73.92209,40.81373],[-73.92035,40.81463],[-73.91924,40.81722],[-73.91746,40.81676],[-73.91712,40.81751]]]}},{"type":"Feature","id":"10473","properties":{"z":"10473"},"geometry":{"type":"Polygon","coordinates":[[[-73.88433,40.82261],[-73.88457,40.82316],[-73.84268,40.8285],[-73.83979,40.82017],[-73.84214,40.81826],[-73.84289,40.81636],[-73.84413,40.81591],[-73.84449,40.81367],[-73.8454,40.81194],[-73.84629,40.81155],[-73.84609,40.81024],[-73.84707,40.81024],[-73.84798,40.81251],[-73.85115,40.8144],[-73.85341,40.81416],[-73.84872,40.81215],[-73.85026,40.80961],[-73.85029,40.80848],[-73.84798,40.80747],[-73.8465,40.80383],[-73.85632,40.80262],[-73.85867,40.80683],[-73.8592,40.8107],[-73.86136,40.81084],[-73.86249,40.81029],[-73.86746,40.81065],[-73.8711,40.81464],[-73.87751,40.81659],[-73.88055,40.81847],[-73.88433,40.82261]]]}},{"type":"Feature","id":"11234","properties":{"z":"11234"},"geometry":{"type":"Polygon","coordinates":[[[-73.92965,40.58344],[-73.93184,40.58292],[-73.93204,40.58423],[-73.9301,40.5845],[-73.93137,40.58607],[-73.92721,40.5848],[-73.92297,40.58437],[-73.91997,40.58472],[-73.91771,40.58627],[-73.92957,40.59682],[-73.92813,40.59778],[-73.93355,40.60269],[-73.92987,40.60507],[-73.93351,40.60834],[-73.93423,40.6079],[-73.93605,40.60952],[-73.93754,40.60856],[-73.94298,40.61345],[-73.94375,40.61295],[-73.94431,40.61341],[-73.94483,40.61605],[-73.94242,40.61859],[-73.94266,40.61992],[-73.9408,40.62013],[-73.93999,40.62116],[-73.94027,40.62262],[-73.93561,40.62357],[-73.9369,40.62523],[-73.93432,40.62489],[-73.93345,40.6257],[-73.93365,40.62781],[-73.93462,40.62775],[-73.93487,40.63009],[-73.9339,40.63015],[-73.93415,40.63249],[-73.93512,40.63243],[-73.93521,40.63341],[-73.93333,40.63402],[-73.93343,40.63488],[-73.93224,40.63496],[-73.92608,40.63816],[-73.92221,40.64106],[-73.91962,40.64166],[-73.91885,40.63448],[-73.92041,40.63347],[-73.9186,40.6321],[-73.90651,40.62713],[-73.89826,40.62299],[-73.90016,40.62168],[-73.89702,40.62157],[-73.88733,40.60957],[-73.88875,40.60891],[-73.89153,40.60929],[-73.89858,40.60522],[-73.89878,40.60389],[-73.88493,40.6047],[-73.87594,40.58419],[-73.87928,40.58036],[-73.8876,40.57808],[-73.89617,40.57687],[-73.90177,40.58081],[-73.90526,40.58195],[-73.91277,40.58125],[-73.91476,40.58199],[-73.91504,40.58077],[-73.91875,40.58206],[-73.9263,40.58357],[-73.9283,40.58386],[-73.92965,40.58344]]]}},{"type":"Feature","id":"11210","properties":{"z":"11210"},"geometry":{"type":"Polygon","coordinates":[[[-73.93512,40.63243],[-73.93415,40.63249],[-73.9339,40.63015],[-73.93487,40.63009],[-73.93462,40.62775],[-73.93365,40.62781],[-73.93345,40.6257],[-73.93432,40.62489],[-73.9369,40.62523],[-73.93561,40.62357],[-73.94027,40.62262],[-73.93999,40.62116],[-73.9408,40.62013],[-73.94266,40.61992],[-73.94242,40.61859],[-73.94406,40.61672],[-73.94574,40.61536],[-73.94607,40.6171],[-73.94699,40.617],[-73.94657,40.61479],[-73.94835,40.61414],[-73.94912,40.61305],[-73.94931,40.61403],[-73.95027,40.61392],[-73.94996,40.61232],[-73.95071,40.61125],[-73.95258,40.61104],[-73.95419,40.61621],[-73.95355,40.61628],[-73.95446,40.62106],[-73.95532,40.62097],[-73.95536,40.62318],[-73.95594,40.62334],[-73.95491,40.62345],[-73.95604,40.62946],[-73.95712,40.62959],[-73.9573,40.63051],[-73.95637,40.63119],[-73.95717,40.6354],[-73.9582,40.63529],[-73.9584,40.63633],[-73.9557,40.63762],[-73.95583,40.63837],[-73.95427,40.63911],[-73.9536,40.63842],[-73.94923,40.63855],[-73.94938,40.63993],[-73.94455,40.64023],[-73.94444,40.63951],[-73.94356,40.63957],[-73.94362,40.64028],[-73.94265,40.64034],[-73.9425,40.63896],[-73.93776,40.63926],[-73.93751,40.63692],[-73.93561,40.63704],[-73.93536,40.63477],[-73.93439,40.63483],[-73.9343,40.63389],[-73.93521,40.63341],[-73.93512,40.63243]]]}},{"type":"Feature","id":"11215","properties":{"z":"11215"},"geometry":{"type":"Polygon","coordinates":[[[-73.99649,40.6687],[-73.99866,40.67171],[-73.99528,40.67578],[-73.99398,40.67617],[-73.9908,40.67578],[-73.98786,40.68003],[-73.98261,40.67805],[-73.98288,40.67735],[-73.97042,40.67251],[-73.98023,40.66105],[-73.97516,40.65872],[-73.97666,40.65691],[-73.97586,40.65652],[-73.97675,40.65551],[-73.97977,40.65723],[-73.9818,40.65525],[-73.98029,40.6473],[-73.9818,40.64713],[-73.98906,40.64412],[-73.99828,40.64973],[-73.99782,40.65028],[-74.00214,40.65296],[-73.99167,40.66303],[-73.9958,40.66552],[-73.99486,40.66678],[-73.99649,40.6687]]]}},{"type":"Feature","id":"11224","properties":{"z":"11224"},"geometry":{"type":"Polygon","coordinates":[[[-73.9826,40.58266],[-73.98281,40.58379],[-73.97752,40.58275],[-73.96661,40.58458],[-73.96676,40.58398],[-73.97059,40.58322],[-73.97113,40.58202],[-73.96733,40.58153],[-73.9676,40.58036],[-73.96913,40.58016],[-73.96992,40.57558],[-73.96675,40.57483],[-73.95941,40.57516],[-73.9594,40.57408],[-73.96705,40.57344],[-73.96899,40.57303],[-73.96896,40.57252],[-73.97018,40.57301],[-73.97084,40.57225],[-73.97123,40.57272],[-73.9725,40.57265],[-73.97323,40.57242],[-73.97316,40.57183],[-73.97375,40.57231],[-73.97538,40.57151],[-73.97593,40.57196],[-73.97768,40.57129],[-73.97871,40.57182],[-73.97934,40.57133],[-73.98499,40.57151],[-73.98761,40.57128],[-73.98805,40.57081],[-73.98918,40.57126],[-73.99071,40.57029],[-73.99164,40.5709],[-73.9927,40.5702],[-73.99398,40.57076],[-73.99491,40.57055],[-73.9949,40.5701],[-73.99574,40.57071],[-73.99699,40.57016],[-73.99779,40.57075],[-73.99923,40.57039],[-74.00015,40.57104],[-74.0015,40.57078],[-74.00203,40.57171],[-74.01141,40.57398],[-74.01221,40.57477],[-74.01293,40.57749],[-74.01275,40.57856],[-74.01047,40.58044],[-74.0066,40.58088],[-74.00625,40.58174],[-74.00484,40.58185],[-74.00395,40.58137],[-74.00397,40.58085],[-74.0009,40.5815],[-73.99952,40.58071],[-73.9907,40.57932],[-73.99068,40.58006],[-73.98822,40.58028],[-73.98684,40.58123],[-73.98571,40.58127],[-73.98368,40.58303],[-73.9826,40.58266]]]}},{"type":"Feature","id":"11239","properties":{"z":"11239"},"geometry":{"type":"MultiPolygon","coordinates":[[[[-73.87427,40.65974],[-73.87325,40.65836],[-73.87407,40.65801],[-73.87509,40.65939],[-73.87427,40.65974]]],[[[-73.87546,40.65245],[-73.8679,40.65668],[-73.86763,40.65442],[-73.86687,40.65317],[-73.8717,40.65006],[-73.87415,40.65006],[-73.87546,40.65245]]],[[[-73.87844,40.64933],[-73.87505,40.64517],[-73.8789,40.63804],[-73.88097,40.63945],[-73.89125,40.65003],[-73.88959,40.65134],[-73.88221,40.6545],[-73.87844,40.64933]]]]}},{"type":"Feature","id":"10030","properties":{"z":"10030"},"geometry":{"type":"Polygon","coordinates":[[[-73.93854,40.81728],[-73.94085,40.81411],[-73.94197,40.81457],[-73.94248,40.81391],[-73.94135,40.81344],[-73.9418,40.81282],[-73.94449,40.81313],[-73.9451,40.81339],[-73.94465,40.81401],[-73.94522,40.8137],[-73.94868,40.81569],[-73.94476,40.82403],[-73.94292,40.82326],[-73.94351,40.82263],[-73.94241,40.82216],[-73.94192,40.82284],[-73.93623,40.82044],[-73.93854,40.81728]]]}},{"type":"Feature","id":"10037","properties":{"z":"10037"},"geometry":{"type":"Polygon","coordinates":[[[-73.93834,40.8089],[-73.93995,40.80958],[-73.9404,40.80896],[-73.9434,40.81063],[-73.94135,40.81344],[-73.94248,40.81391],[-73.94197,40.81457],[-73.94085,40.81411],[-73.93718,40.81914],[-73.93426,40.81791],[-73.93429,40.81957],[-73.93338,40.81947],[-73.93414,40.8109],[-73.93409,40.80915],[-73.93322,40.80725],[-73.93492,40.80667],[-73.93556,40.80692],[-73.93511,40.80754],[-73.93834,40.8089]]]}},{"type":"Feature","id":"10009","properties":{"z":"10009"},"geometry":{"type":"Polygon","coordinates":[[[-73.98797,40.72394],[-73.97986,40.73497],[-73.97365,40.73231],[-73.97345,40.73137],[-73.97128,40.72925],[-73.97149,40.72614],[-73.97364,40.71861],[-73.97526,40.71901],[-73.97512,40.71988],[-73.97823,40.72067],[-73.97875,40.71993],[-73.98864,40.72293],[-73.98797,40.72394]]]}},{"type":"Feature","id":"10028","properties":{"z":"10028"},"geometry":{"type":"Polygon","coordinates":[[[-73.94758,40.77108],[-73.9525,40.77383],[-73.95456,40.77402],[-73.95409,40.77466],[-73.95633,40.7756],[-73.9568,40.77497],[-73.96323,40.77768],[-73.95992,40.78221],[-73.95671,40.78086],[-73.9572,40.78018],[-73.95174,40.77788],[-73.95125,40.77855],[-73.94488,40.77567],[-73.94527,40.77515],[-73.94477,40.77494],[-73.94573,40.77362],[-73.94434,40.77311],[-73.94736,40.77006],[-73.94704,40.77083],[-73.94758,40.77108]]]}},{"type":"Feature","id":"10065","properties":{"z":"10065"},"geometry":{"type":"Polygon","coordinates":[[[-73.96934,40.76355],[-73.97255,40.7649],[-73.96844,40.77052],[-73.96362,40.76849],[-73.96408,40.76786],[-73.96247,40.76718],[-73.96188,40.76694],[-73.9614,40.76755],[-73.95516,40.76492],[-73.95562,40.76429],[-73.95351,40.76343],[-73.95208,40.76447],[-73.95613,40.7604],[-73.95776,40.7595],[-73.95881,40.75991],[-73.95926,40.75928],[-73.96268,40.76072],[-73.96244,40.76144],[-73.96342,40.76186],[-73.96388,40.76123],[-73.96934,40.76355]]]}},{"type":"Feature","id":"10011","properties":{"z":"10011"},"geometry":{"type":"Polygon","coordinates":[[[-74.00279,40.7394],[-74.00273,40.74029],[-74.00464,40.74113],[-74.00537,40.74095],[-74.00486,40.74164],[-74.00771,40.74283],[-74.00821,40.74214],[-74.00933,40.74257],[-74.00958,40.74326],[-74.01236,40.74354],[-74.00946,40.74352],[-74.00929,40.74417],[-74.01199,40.74499],[-74.00918,40.74464],[-74.00904,40.7452],[-74.01185,40.74564],[-74.00893,40.74563],[-74.00884,40.74627],[-74.01166,40.74701],[-74.00876,40.74668],[-74.00868,40.7473],[-74.01149,40.74768],[-74.00862,40.74768],[-74.00852,40.74847],[-74.01114,40.74885],[-74.01,40.74893],[-74.00965,40.75029],[-74.00907,40.75059],[-74.01044,40.75148],[-74.00896,40.75092],[-74.00867,40.75148],[-74.01037,40.75227],[-74.0086,40.75173],[-74.00839,40.75229],[-74.00995,40.75293],[-74.00832,40.75249],[-74.00822,40.75306],[-74.00941,40.75384],[-74.00796,40.75356],[-74.0096,40.75444],[-74.00785,40.75379],[-74.0063,40.75594],[-74.00762,40.7567],[-74.00573,40.75597],[-74.00722,40.75387],[-74.00862,40.74952],[-74.00702,40.74889],[-74.00653,40.74955],[-74.00085,40.74715],[-74.0004,40.74777],[-73.99755,40.74658],[-73.99801,40.74595],[-73.99727,40.74608],[-73.99206,40.74392],[-73.99403,40.74122],[-73.9908,40.73987],[-73.99697,40.73141],[-73.99861,40.73221],[-73.9996,40.73104],[-74.00095,40.73171],[-73.99965,40.73407],[-74.0024,40.73876],[-74.00345,40.73876],[-74.00279,40.7394]]]}},{"type":"Feature","id":"10031","properties":{"z":"10031"},"geometry":{"type":"Polygon","coordinates":[[[-73.95443,40.82807],[-73.9504,40.83437],[-73.94934,40.83398],[-73.94971,40.8327],[-73.94108,40.82908],[-73.94017,40.83038],[-73.93859,40.82972],[-73.94292,40.82326],[-73.94476,40.82403],[-73.94608,40.82126],[-73.94808,40.82211],[-73.94854,40.82149],[-73.94755,40.8203],[-73.94837,40.81903],[-73.94973,40.81792],[-73.95088,40.8184],[-73.95227,40.81722],[-73.95545,40.81938],[-73.95602,40.8188],[-73.96001,40.82042],[-73.95801,40.82279],[-73.95965,40.82368],[-73.95727,40.82715],[-73.95633,40.82795],[-73.95511,40.82746],[-73.95443,40.82807]]]}},{"type":"Feature","id":"10169","properties":{"z":"10169"},"geometry":{"type":"Polygon","coordinates":[[[-73.97628,40.75406],[-73.97697,40.75435],[-73.97652,40.75497],[-73.97521,40.75442],[-73.9757,40.75381],[-73.97628,40.75406]]]}},{"type":"Feature","id":"10271","properties":{"z":"10271"},"geometry":{"type":"Polygon","coordinates":[[[-74.0102,40.70769],[-74.01125,40.7083],[-74.01085,40.7088],[-74.00983,40.70812],[-74.0102,40.70769]]]}},{"type":"Feature","id":"11355","properties":{"z":"11355"},"geometry":{"type":"Polygon","coordinates":[[[-73.83585,40.74418],[-73.83459,40.74704],[-73.833,40.74783],[-73.8323,40.75194],[-73.83554,40.75141],[-73.83701,40.75403],[-73.838,40.75444],[-73.82974,40.75875],[-73.81609,40.76252],[-73.81588,40.76207],[-73.8126,40.76315],[-73.81251,40.76261],[-73.80751,40.76218],[-73.80913,40.75032],[-73.80751,40.75014],[-73.81416,40.74614],[-73.81367,40.74556],[-73.81431,40.74297],[-73.81013,40.74229],[-73.81036,40.73887],[-73.80944,40.73867],[-73.81477,40.73888],[-73.81513,40.73992],[-73.81721,40.74062],[-73.81743,40.74022],[-73.81622,40.73967],[-73.82077,40.74088],[-73.82442,40.74304],[-73.82498,40.74311],[-73.82539,40.74222],[-73.8359,40.74333],[-73.83585,40.74418]]]}},{"type":"Feature","id":"11423","properties":{"z":"11423"},"geometry":{"type":"MultiPolygon","coordinates":[[[[-73.77844,40.72394],[-73.78116,40.72921],[-73.77757,40.73019],[-73.77523,40.72524],[-73.77804,40.72328],[-73.77844,40.72394]]],[[[-73.76256,40.72352],[-73.75944,40.72106],[-73.7603,40.72066],[-73.75814,40.71776],[-73.75764,40.71797],[-73.75558,40.71433],[-73.7547,40.71471],[-73.75404,40.71388],[-73.75318,40.71205],[-73.75408,40.71184],[-73.75336,40.7101],[-73.76725,40.70631],[-73.77418,40.70509],[-73.77546,40.70532],[-73.77471,40.70733],[-73.77101,40.70872],[-73.78184,40.70617],[-73.78314,40.7063],[-73.77997,40.70705],[-73.78023,40.70761],[-73.77937,40.70781],[-73.77968,40.7086],[-73.78036,40.70846],[-73.78262,40.71294],[-73.77357,40.71512],[-73.77491,40.71784],[-73.77584,40.71767],[-73.77637,40.71877],[-73.77551,40.71909],[-73.77724,40.72228],[-73.77579,40.72355],[-73.77274,40.72503],[-73.76631,40.72637],[-73.7648,40.72468],[-73.76256,40.72352]]]]}},{"type":"Feature","id":"11415","properties":{"z":"11415"},"geometry":{"type":"Polygon","coordinates":[[[-73.81907,40.70646],[-73.81846,40.70566],[-73.82008,40.70503],[-73.82063,40.70584],[-73.82202,40.70521],[-73.82154,40.70373],[-73.82344,40.7038],[-73.8233,40.70335],[-73.8323,40.70091],[-73.83342,40.70119],[-73.83392,40.70235],[-73.83302,40.70257],[-73.83371,40.70415],[-73.83476,40.70389],[-73.83524,40.70499],[-73.8342,40.70525],[-73.83498,40.7071],[-73.83619,40.70757],[-73.83418,40.70867],[-73.83481,40.70964],[-73.83411,40.70995],[-73.8359,40.71164],[-73.83711,40.71057],[-73.84162,40.70898],[-73.84302,40.70918],[-73.83602,40.71165],[-73.83063,40.71434],[-73.82712,40.71271],[-73.82632,40.71373],[-73.8243,40.71387],[-73.81961,40.70886],[-73.81838,40.70673],[-73.81907,40.70646]]]}},{"type":"Feature","id":"11358","properties":{"z":"11358"},"geometry":{"type":"Polygon","coordinates":[[[-73.8054,40.74997],[-73.80913,40.75027],[-73.807,40.76595],[-73.80747,40.76605],[-73.80721,40.7683],[-73.80669,40.76825],[-73.8065,40.76964],[-73.80557,40.76956],[-73.80536,40.7711],[-73.80629,40.77119],[-73.80615,40.77221],[-73.80428,40.77206],[-73.80389,40.7749],[-73.7983,40.77445],[-73.79823,40.77485],[-73.79785,40.77442],[-73.79271,40.77379],[-73.79163,40.77424],[-73.78526,40.76226],[-73.78517,40.76143],[-73.78613,40.76136],[-73.7859,40.75975],[-73.78447,40.75986],[-73.78009,40.75249],[-73.78121,40.75151],[-73.78624,40.75014],[-73.78741,40.75091],[-73.78695,40.74993],[-73.7923,40.74837],[-73.79481,40.74842],[-73.79478,40.74959],[-73.79566,40.75024],[-73.79802,40.74873],[-73.80281,40.74909],[-73.80288,40.74978],[-73.8054,40.74997]]]}},{"type":"Feature","id":"11697","properties":{"z":"11697"},"geometry":{"type":"Polygon","coordinates":[[[-73.86468,40.5693],[-73.86454,40.56878],[-73.86755,40.56778],[-73.866,40.56823],[-73.8653,40.56637],[-73.87941,40.56151],[-73.89172,40.55812],[-73.90003,40.55642],[-73.9035,40.55674],[-73.9125,40.55542],[-73.92824,40.55122],[-73.93633,40.54965],[-73.93766,40.55327],[-73.93757,40.55668],[-73.93539,40.55927],[-73.92609,40.56101],[-73.92422,40.56195],[-73.92009,40.56184],[-73.91768,40.56243],[-73.91205,40.56507],[-73.91034,40.56487],[-73.90801,40.56352],[-73.90478,40.56317],[-73.90168,40.5639],[-73.90061,40.56325],[-73.89614,40.56538],[-73.89531,40.56707],[-73.89219,40.56873],[-73.88891,40.56793],[-73.88487,40.56865],[-73.88422,40.56804],[-73.88202,40.56872],[-73.87886,40.5686],[-73.86298,40.57621],[-73.86274,40.57584],[-73.86392,40.57513],[-73.8632,40.57413],[-73.86669,40.57319],[-73.86678,40.57237],[-73.86468,40.5693]]]}},{"type":"Feature","id":"11694","properties":{"z":"11694"},"geometry":{"type":"Polygon","coordinates":[[[-73.86468,40.5693],[-73.86678,40.57237],[-73.86669,40.57319],[-73.86361,40.57383],[-73.8632,40.57413],[-73.86392,40.57513],[-73.86274,40.57584],[-73.86298,40.57621],[-73.85063,40.58241],[-73.8452,40.58181],[-73.83954,40.58202],[-73.83875,40.58263],[-73.83625,40.58284],[-73.82859,40.58503],[-73.82837,40.58585],[-73.82174,40.58782],[-73.82113,40.58715],[-73.81932,40.58796],[-73.81931,40.58931],[-73.81884,40.58762],[-73.82009,40.58698],[-73.81937,40.58583],[-73.82017,40.58552],[-73.81957,40.58459],[-73.8188,40.58495],[-73.8177,40.5832],[-73.81591,40.58345],[-73.81551,40.58251],[-73.83648,40.57689],[-73.86267,40.56651],[-73.86559,40.56693],[-73.866,40.56823],[-73.86755,40.56778],[-73.86454,40.56878],[-73.86468,40.5693]]]}},{"type":"Feature","id":"11004","properties":{"z":"11004"},"geometry":{"type":"Polygon","coordinates":[[[-73.71103,40.73675],[-73.71371,40.73618],[-73.71792,40.74338],[-73.71741,40.74351],[-73.72042,40.75037],[-73.7218,40.75094],[-73.72109,40.75204],[-73.72132,40.75281],[-73.72292,40.7541],[-73.72118,40.75687],[-73.72109,40.75628],[-73.71775,40.75535],[-73.7174,40.75583],[-73.71435,40.75524],[-73.71308,40.75173],[-73.70782,40.75622],[-73.70542,40.75461],[-73.7101,40.75059],[-73.70791,40.74932],[-73.70463,40.75107],[-73.70288,40.74663],[-73.70379,40.74644],[-73.70246,40.74277],[-73.70099,40.74309],[-73.70084,40.7409],[-73.70167,40.74072],[-73.70092,40.73873],[-73.70832,40.73733],[-73.70762,40.73546],[-73.70846,40.73508],[-73.70922,40.73714],[-73.71103,40.73675]]]}},{"type":"Feature","id":"10457","properties":{"z":"10457"},"geometry":{"type":"Polygon","coordinates":[[[-73.90562,40.84992],[-73.89995,40.85742],[-73.89601,40.8556],[-73.89558,40.85625],[-73.8909,40.85412],[-73.89039,40.85469],[-73.88961,40.85324],[-73.88723,40.85249],[-73.88803,40.851],[-73.88595,40.85118],[-73.88554,40.852],[-73.88382,40.8515],[-73.8848,40.84931],[-73.89217,40.84105],[-73.89538,40.84294],[-73.8929,40.84627],[-73.89618,40.84666],[-73.89761,40.84381],[-73.8966,40.8437],[-73.90057,40.83659],[-73.90598,40.8385],[-73.905,40.84253],[-73.90956,40.8429],[-73.90891,40.83838],[-73.90946,40.83706],[-73.9106,40.8375],[-73.90988,40.83871],[-73.91072,40.839],[-73.91139,40.83787],[-73.91271,40.83836],[-73.91208,40.83945],[-73.91314,40.83981],[-73.91132,40.84478],[-73.90741,40.84779],[-73.90562,40.84992]]]}},{"type":"Feature","id":"10463","properties":{"z":"10463"},"geometry":{"type":"Polygon","coordinates":[[[-73.91052,40.87406],[-73.91981,40.87658],[-73.9226,40.87878],[-73.92497,40.87914],[-73.92096,40.88729],[-73.9187,40.88688],[-73.91876,40.88557],[-73.91604,40.88487],[-73.91398,40.88637],[-73.91669,40.8869],[-73.91634,40.89129],[-73.9127,40.89057],[-73.9129,40.88975],[-73.90906,40.88951],[-73.90739,40.88782],[-73.90626,40.88757],[-73.90551,40.89019],[-73.90443,40.89016],[-73.90286,40.88916],[-73.90237,40.88725],[-73.88707,40.8844],[-73.88711,40.88292],[-73.8879,40.88285],[-73.89141,40.87897],[-73.89733,40.87145],[-73.89843,40.87374],[-73.9003,40.87447],[-73.89958,40.87661],[-73.90021,40.87705],[-73.90215,40.87559],[-73.90317,40.87166],[-73.90291,40.87106],[-73.90365,40.86987],[-73.90675,40.86862],[-73.90815,40.86724],[-73.90769,40.86897],[-73.9084,40.86915],[-73.90651,40.87333],[-73.9077,40.87156],[-73.90825,40.87219],[-73.9086,40.87168],[-73.91052,40.87406]]]}},{"type":"Feature","id":"10454","properties":{"z":"10454"},"geometry":{"type":"Polygon","coordinates":[[[-73.92832,40.80401],[-73.93168,40.80795],[-73.92209,40.81373],[-73.92012,40.81289],[-73.91927,40.81373],[-73.91672,40.81275],[-73.91447,40.81165],[-73.91518,40.81043],[-73.91248,40.80934],[-73.91069,40.80881],[-73.91037,40.80965],[-73.90496,40.80853],[-73.90618,40.80731],[-73.90301,40.8096],[-73.90189,40.80501],[-73.9025,40.80444],[-73.90328,40.80469],[-73.90538,40.80155],[-73.90631,40.80156],[-73.9078,40.79926],[-73.91141,40.79669],[-73.91581,40.79748],[-73.92231,40.80218],[-73.9272,40.80217],[-73.92832,40.80401]]]}},{"type":"Feature","id":"11238","properties":{"z":"11238"},"geometry":{"type":"Polygon","coordinates":[[[-73.96582,40.68821],[-73.96481,40.68833],[-73.96519,40.68978],[-73.96239,40.69011],[-73.96029,40.69035],[-73.96001,40.68888],[-73.95727,40.68919],[-73.95529,40.6792],[-73.95299,40.67872],[-73.95281,40.67784],[-73.9552,40.67834],[-73.95734,40.67241],[-73.95648,40.67224],[-73.95679,40.67136],[-73.95766,40.67154],[-73.95797,40.67066],[-73.96262,40.67163],[-73.96096,40.66329],[-73.96243,40.66313],[-73.96925,40.67274],[-73.97075,40.67264],[-73.97146,40.6738],[-73.97105,40.67524],[-73.97244,40.67716],[-73.97064,40.68241],[-73.97277,40.68286],[-73.97303,40.68415],[-73.97206,40.68426],[-73.97227,40.68544],[-73.97337,40.68588],[-73.97365,40.6873],[-73.97173,40.68753],[-73.97214,40.68958],[-73.97114,40.68954],[-73.97076,40.68764],[-73.96582,40.68821]]]}},{"type":"Feature","id":"11206","properties":{"z":"11206"},"geometry":{"type":"Polygon","coordinates":[[[-73.95292,40.6972],[-73.95337,40.6994],[-73.95702,40.69897],[-73.95746,40.70082],[-73.95381,40.70318],[-73.95444,40.70375],[-73.95253,40.70498],[-73.9519,40.70442],[-73.95024,40.70547],[-73.95112,40.71096],[-73.94724,40.71132],[-73.9471,40.71059],[-73.94548,40.71074],[-73.9456,40.71148],[-73.94397,40.71164],[-73.94379,40.7109],[-73.9421,40.71106],[-73.94223,40.7118],[-73.94069,40.71196],[-73.94031,40.71052],[-73.93768,40.71118],[-73.93832,40.71252],[-73.9348,40.71337],[-73.93116,40.70377],[-73.92759,40.70176],[-73.92903,40.70029],[-73.9278,40.69958],[-73.92996,40.69825],[-73.93298,40.69797],[-73.93401,40.69712],[-73.93522,40.69699],[-73.93413,40.69335],[-73.93705,40.69302],[-73.9372,40.69375],[-73.94012,40.69342],[-73.93997,40.69268],[-73.94564,40.69203],[-73.94579,40.69277],[-73.95181,40.6916],[-73.95292,40.6972]]]}},{"type":"Feature","id":"11213","properties":{"z":"11213"},"geometry":{"type":"Polygon","coordinates":[[[-73.93998,40.66345],[-73.94216,40.6635],[-73.9427,40.66405],[-73.94253,40.66584],[-73.94807,40.66614],[-73.94709,40.67656],[-73.94479,40.67624],[-73.94457,40.6758],[-73.94189,40.67605],[-73.94121,40.67994],[-73.92906,40.67928],[-73.9302,40.67803],[-73.93046,40.67582],[-73.92769,40.67566],[-73.92776,40.67489],[-73.925,40.67474],[-73.9256,40.6685],[-73.92424,40.66645],[-73.93068,40.66362],[-73.94003,40.66302],[-73.93998,40.66345]]]}},{"type":"Feature","id":"11226","properties":{"z":"11226"},"geometry":{"type":"Polygon","coordinates":[[[-73.94724,40.64696],[-73.94706,40.64525],[-73.94607,40.64531],[-73.94587,40.64342],[-73.94651,40.6401],[-73.94938,40.63993],[-73.94923,40.63855],[-73.9536,40.63842],[-73.95427,40.63911],[-73.95583,40.63837],[-73.9557,40.63762],[-73.9631,40.63406],[-73.96335,40.63552],[-73.96421,40.6351],[-73.96451,40.63669],[-73.96538,40.63628],[-73.96579,40.63844],[-73.96492,40.63885],[-73.9653,40.64082],[-73.96617,40.64043],[-73.96627,40.64346],[-73.96687,40.6441],[-73.96594,40.6442],[-73.96639,40.64659],[-73.96732,40.64649],[-73.96755,40.64768],[-73.96667,40.64803],[-73.96703,40.64995],[-73.96465,40.65089],[-73.96621,40.65319],[-73.9607,40.65534],[-73.96062,40.65669],[-73.96014,40.65676],[-73.95986,40.65563],[-73.95309,40.65651],[-73.95305,40.65608],[-73.94726,40.65644],[-73.94648,40.6491],[-73.94747,40.64904],[-73.94724,40.64696]]]}},{"type":"Feature","id":"11230","properties":{"z":"11230"},"geometry":{"type":"Polygon","coordinates":[[[-73.97216,40.63311],[-73.96451,40.63669],[-73.96421,40.6351],[-73.96335,40.63552],[-73.9631,40.63406],[-73.9584,40.63633],[-73.9582,40.63529],[-73.95717,40.6354],[-73.95637,40.63119],[-73.9573,40.63051],[-73.95712,40.62959],[-73.95604,40.62946],[-73.95491,40.62345],[-73.95594,40.62334],[-73.95536,40.62318],[-73.95532,40.62097],[-73.95446,40.62106],[-73.95355,40.61628],[-73.95419,40.61621],[-73.95258,40.61104],[-73.97299,40.60881],[-73.9753,40.62091],[-73.97725,40.62134],[-73.9758,40.62087],[-73.97625,40.62308],[-73.97683,40.62348],[-73.9758,40.62359],[-73.97658,40.62757],[-73.97962,40.6293],[-73.97273,40.63241],[-73.97216,40.63311]]]}},{"type":"Feature","id":"11040","properties":{"z":"11040"},"geometry":{"type":"Polygon","coordinates":[[[-73.70941,40.75108],[-73.70542,40.75461],[-73.70174,40.75253],[-73.69907,40.75339],[-73.68778,40.75479],[-73.69007,40.76498],[-73.68853,40.76548],[-73.69016,40.76538],[-73.69164,40.76857],[-73.68801,40.7707],[-73.68655,40.76659],[-73.68684,40.76455],[-73.68618,40.76396],[-73.687,40.76344],[-73.68396,40.76281],[-73.68227,40.76331],[-73.67166,40.76257],[-73.66974,40.76314],[-73.66532,40.75998],[-73.66039,40.76061],[-73.65741,40.75057],[-73.65791,40.74655],[-73.65749,40.74429],[-73.651,40.73685],[-73.6609,40.73571],[-73.67983,40.73101],[-73.67945,40.72967],[-73.67905,40.72971],[-73.67967,40.729],[-73.67941,40.72764],[-73.68085,40.72719],[-73.68087,40.7264],[-73.68157,40.72628],[-73.6814,40.72578],[-73.68203,40.72578],[-73.68207,40.7251],[-73.68738,40.72535],[-73.6879,40.72332],[-73.69235,40.72373],[-73.69282,40.72421],[-73.69241,40.72554],[-73.69336,40.72529],[-73.69486,40.73051],[-73.69394,40.73071],[-73.69837,40.73721],[-73.69905,40.7373],[-73.70027,40.73924],[-73.70098,40.7389],[-73.70167,40.74072],[-73.70084,40.7409],[-73.70099,40.74309],[-73.70246,40.74277],[-73.70379,40.74644],[-73.70288,40.74663],[-73.70463,40.75107],[-73.70791,40.74932],[-73.7101,40.75059],[-73.70941,40.75108]]]}},{"type":"Feature","id":"10075","properties":{"z":"10075"},"geometry":{"type":"Polygon","coordinates":[[[-73.94758,40.77108],[-73.94704,40.77083],[-73.94797,40.76951],[-73.94945,40.77009],[-73.94994,40.76947],[-73.9514,40.77007],[-73.95186,40.76944],[-73.95411,40.77039],[-73.95365,40.77102],[-73.95601,40.77202],[-73.95825,40.77296],[-73.95872,40.77233],[-73.96032,40.77301],[-73.95986,40.77364],[-73.96147,40.77432],[-73.96194,40.77369],[-73.96515,40.77504],[-73.96323,40.77768],[-73.9568,40.77497],[-73.95633,40.7756],[-73.95409,40.77466],[-73.95456,40.77402],[-73.9525,40.77383],[-73.94758,40.77108]]]}},{"type":"Feature","id":"10025","properties":{"z":"10025"},"geometry":{"type":"Polygon","coordinates":[[[-73.96201,40.80551],[-73.96155,40.80614],[-73.95983,40.80544],[-73.95725,40.8094],[-73.95709,40.81008],[-73.95827,40.81063],[-73.95781,40.81126],[-73.95497,40.81006],[-73.95818,40.8056],[-73.95825,40.80311],[-73.96007,40.80059],[-73.95862,40.79998],[-73.96701,40.78848],[-73.97216,40.79106],[-73.97251,40.79079],[-73.97709,40.79272],[-73.97665,40.79475],[-73.97418,40.79656],[-73.97385,40.79847],[-73.97129,40.80095],[-73.9659,40.80881],[-73.9639,40.808],[-73.96485,40.80671],[-73.96201,40.80551]],[[-73.96201,40.80551],[-73.96247,40.80489],[-73.96032,40.80399],[-73.96007,40.80471],[-73.96201,40.80551]]]}},{"type":"Feature","id":"10039","properties":{"z":"10039"},"geometry":{"type":"Polygon","coordinates":[[[-73.94292,40.82326],[-73.93859,40.82972],[-73.94035,40.83046],[-73.94035,40.83159],[-73.93508,40.83927],[-73.93572,40.8415],[-73.93199,40.84661],[-73.92911,40.84559],[-73.93426,40.83594],[-73.93486,40.83114],[-73.93338,40.81947],[-73.93429,40.81957],[-73.93426,40.81791],[-73.93718,40.81914],[-73.93623,40.82044],[-73.94192,40.82284],[-73.94241,40.82216],[-73.94351,40.82263],[-73.94292,40.82326]]]}},{"type":"Feature","id":"10005","properties":{"z":"10005"},"geometry":{"type":"Polygon","coordinates":[[[-74.00966,40.70876],[-74.00913,40.70929],[-74.00937,40.70861],[-74.00827,40.70772],[-74.00865,40.70734],[-74.00713,40.70638],[-74.00678,40.70672],[-74.00519,40.70495],[-74.00457,40.70515],[-74.00777,40.70288],[-74.00946,40.70455],[-74.00903,40.70531],[-74.01155,40.70495],[-74.01119,40.70628],[-74.01251,40.70677],[-74.01125,40.7083],[-74.0102,40.70769],[-74.00983,40.70812],[-74.01085,40.7088],[-74.01054,40.70915],[-74.00966,40.70876]]]}},{"type":"Feature","id":"10044","properties":{"z":"10044"},"geometry":{"type":"Polygon","coordinates":[[[-73.94449,40.76637],[-73.95331,40.75634],[-73.96158,40.74941],[-73.95902,40.75359],[-73.95546,40.75732],[-73.95407,40.7596],[-73.95266,40.76029],[-73.95139,40.76282],[-73.94997,40.76365],[-73.94668,40.76801],[-73.9454,40.76865],[-73.94215,40.77204],[-73.9401,40.77294],[-73.94023,40.77085],[-73.94122,40.76933],[-73.94449,40.76637]]]}},{"type":"Feature","id":"11357","properties":{"z":"11357"},"geometry":{"type":"Polygon","coordinates":[[[-73.80669,40.77512],[-73.82167,40.77686],[-73.82439,40.77673],[-73.82585,40.77591],[-73.82582,40.77667],[-73.82715,40.77704],[-73.8281,40.77603],[-73.82462,40.78171],[-73.82679,40.78167],[-73.8269,40.78465],[-73.83054,40.78465],[-73.83091,40.78625],[-73.82996,40.78635],[-73.83019,40.78754],[-73.83113,40.78744],[-73.83092,40.78903],[-73.83216,40.79013],[-73.83055,40.79159],[-73.82985,40.7915],[-73.82824,40.79255],[-73.82804,40.79475],[-73.82921,40.79646],[-73.82683,40.79689],[-73.82698,40.79774],[-73.82484,40.79739],[-73.81985,40.80089],[-73.81307,40.79696],[-73.81151,40.79794],[-73.81135,40.79734],[-73.80876,40.79636],[-73.80807,40.79676],[-73.80573,40.79638],[-73.80514,40.79577],[-73.80319,40.79669],[-73.79505,40.79498],[-73.79441,40.79411],[-73.79495,40.79175],[-73.79359,40.78902],[-73.79287,40.78882],[-73.7926,40.79046],[-73.79069,40.78821],[-73.79548,40.78582],[-73.79412,40.7861],[-73.79336,40.7817],[-73.79199,40.7807],[-73.79191,40.77945],[-73.79106,40.77903],[-73.79197,40.77718],[-73.79143,40.77725],[-73.79035,40.77457],[-73.79271,40.77379],[-73.79785,40.77442],[-73.79823,40.77485],[-73.7983,40.77445],[-73.80389,40.7749],[-73.80405,40.77419],[-73.80669,40.77512]]]}},{"type":"Feature","id":"11420","properties":{"z":"11420"},"geometry":{"type":"Polygon","coordinates":[[[-73.80826,40.68696],[-73.80786,40.68712],[-73.80164,40.67435],[-73.80122,40.66902],[-73.80166,40.66689],[-73.81032,40.66708],[-73.81139,40.66373],[-73.8121,40.66308],[-73.81494,40.66276],[-73.82716,40.66394],[-73.83264,40.66518],[-73.83322,40.66609],[-73.83291,40.66665],[-73.83698,40.67468],[-73.8359,40.67575],[-73.83208,40.67526],[-73.83094,40.67812],[-73.83175,40.67954],[-73.81359,40.68471],[-73.80826,40.68696]]]}},{"type":"Feature","id":"11691","properties":{"z":"11691"},"geometry":{"type":"Polygon","coordinates":[[[-73.77254,40.59786],[-73.77135,40.5983],[-73.76799,40.5976],[-73.76914,40.59895],[-73.76993,40.59887],[-73.77069,40.60484],[-73.76912,40.6094],[-73.7717,40.61064],[-73.77185,40.61138],[-73.77333,40.61133],[-73.77389,40.613],[-73.77292,40.61399],[-73.76702,40.61422],[-73.76496,40.61353],[-73.76345,40.61369],[-73.76002,40.61135],[-73.7552,40.61059],[-73.75517,40.60998],[-73.74799,40.61231],[-73.74685,40.61157],[-73.74576,40.61199],[-73.74307,40.60789],[-73.74335,40.6075],[-73.73923,40.60414],[-73.738,40.6016],[-73.73815,40.59454],[-73.74017,40.59505],[-73.74373,40.59462],[-73.74543,40.59509],[-73.75356,40.5909],[-73.7702,40.59091],[-73.76977,40.59149],[-73.77023,40.59398],[-73.7727,40.59312],[-73.77712,40.59268],[-73.77702,40.59137],[-73.7775,40.59264],[-73.77948,40.59263],[-73.7795,40.5911],[-73.78142,40.59077],[-73.78163,40.59222],[-73.78506,40.5922],[-73.78338,40.59272],[-73.78361,40.59515],[-73.78454,40.59508],[-73.7848,40.5977],[-73.78947,40.59761],[-73.78369,40.60399],[-73.78465,40.6052],[-73.7816,40.6075],[-73.78074,40.60966],[-73.77849,40.61023],[-73.7749,40.61003],[-73.77368,40.60893],[-73.77316,40.6072],[-73.77448,40.60581],[-73.77582,40.60252],[-73.77823,40.60049],[-73.78035,40.60035],[-73.78179,40.59919],[-73.78042,40.59777],[-73.77953,40.59778],[-73.77832,40.59838],[-73.77593,40.60168],[-73.77512,40.60174],[-73.77404,40.59902],[-73.77254,40.59786]]]}},{"type":"Feature","id":"11417","properties":{"z":"11417"},"geometry":{"type":"Polygon","coordinates":[[[-73.86203,40.67789],[-73.86235,40.67916],[-73.85439,40.67966],[-73.8547,40.68028],[-73.85301,40.68076],[-73.85268,40.68008],[-73.85099,40.68057],[-73.85132,40.68124],[-73.85048,40.68148],[-73.85015,40.68081],[-73.84844,40.68129],[-73.84863,40.68168],[-73.84787,40.68149],[-73.83427,40.68533],[-73.83094,40.67812],[-73.83208,40.67526],[-73.8359,40.67575],[-73.83698,40.67468],[-73.83291,40.66665],[-73.86132,40.67502],[-73.86203,40.67789]]]}},{"type":"Feature","id":"11101","properties":{"z":"11101"},"geometry":{"type":"Polygon","coordinates":[[[-73.95492,40.75151],[-73.94511,40.76309],[-73.94247,40.76199],[-73.9433,40.76066],[-73.93792,40.75871],[-73.92649,40.75243],[-73.92246,40.75743],[-73.91607,40.75443],[-73.91651,40.75389],[-73.91527,40.75407],[-73.91257,40.7533],[-73.9115,40.75456],[-73.90981,40.75157],[-73.92027,40.74951],[-73.9208,40.74689],[-73.92547,40.74743],[-73.92763,40.7366],[-73.92579,40.73614],[-73.92585,40.73564],[-73.93161,40.73683],[-73.93478,40.73555],[-73.93442,40.73488],[-73.93742,40.73376],[-73.93134,40.72874],[-73.92923,40.72826],[-73.92882,40.72801],[-73.92922,40.72785],[-73.93734,40.72992],[-73.93992,40.73192],[-73.94236,40.73556],[-73.95263,40.73925],[-73.95473,40.73929],[-73.96119,40.73709],[-73.96279,40.73767],[-73.96154,40.74308],[-73.95978,40.74247],[-73.95847,40.74421],[-73.95621,40.74387],[-73.95488,40.74797],[-73.95685,40.74822],[-73.95492,40.75151]]]}},{"type":"Feature","id":"11418","properties":{"z":"11418"},"geometry":{"type":"Polygon","coordinates":[[[-73.83481,40.70964],[-73.83418,40.70867],[-73.83619,40.70757],[-73.83498,40.7071],[-73.8342,40.70525],[-73.83524,40.70499],[-73.83476,40.70389],[-73.83371,40.70415],[-73.83302,40.70257],[-73.83392,40.70235],[-73.83342,40.70119],[-73.8323,40.70091],[-73.8233,40.70335],[-73.82344,40.7038],[-73.82154,40.70373],[-73.82202,40.70521],[-73.82063,40.70584],[-73.82008,40.70503],[-73.81846,40.70566],[-73.81907,40.70646],[-73.81838,40.70673],[-73.81366,40.69713],[-73.81993,40.69561],[-73.82109,40.69582],[-73.84431,40.68944],[-73.84798,40.69685],[-73.85046,40.70018],[-73.85156,40.7003],[-73.85069,40.70209],[-73.85214,40.70238],[-73.85473,40.70524],[-73.85475,40.70683],[-73.84952,40.70839],[-73.84162,40.70898],[-73.83711,40.71057],[-73.8359,40.71164],[-73.83411,40.70995],[-73.83481,40.70964]]]}},{"type":"Feature","id":"11366","properties":{"z":"11366"},"geometry":{"type":"Polygon","coordinates":[[[-73.78127,40.73371],[-73.7804,40.73399],[-73.78025,40.73473],[-73.77693,40.73568],[-73.7771,40.73611],[-73.77584,40.73649],[-73.77539,40.73553],[-73.77355,40.73607],[-73.77153,40.73152],[-73.76556,40.73253],[-73.76102,40.72855],[-73.75657,40.72613],[-73.76572,40.7264],[-73.76946,40.72584],[-73.77359,40.72474],[-73.77724,40.72228],[-73.77804,40.72328],[-73.77523,40.72524],[-73.77757,40.73019],[-73.78116,40.72921],[-73.7808,40.72843],[-73.78317,40.72764],[-73.7836,40.72841],[-73.78619,40.72756],[-73.78575,40.7268],[-73.78831,40.72596],[-73.78946,40.72649],[-73.80904,40.71991],[-73.80979,40.71972],[-73.81039,40.72084],[-73.80934,40.72096],[-73.81063,40.72442],[-73.81089,40.72717],[-73.80041,40.72837],[-73.78821,40.73136],[-73.78127,40.73371]]]}},{"type":"Feature","id":"11105","properties":{"z":"11105"},"geometry":{"type":"Polygon","coordinates":[[[-73.90709,40.76824],[-73.91093,40.76885],[-73.91024,40.76943],[-73.91167,40.76964],[-73.92152,40.77661],[-73.92086,40.77716],[-73.922,40.77795],[-73.91797,40.78126],[-73.92042,40.78287],[-73.91817,40.78459],[-73.91536,40.7881],[-73.91341,40.78886],[-73.91055,40.79099],[-73.90608,40.79012],[-73.90441,40.78707],[-73.90271,40.7864],[-73.90403,40.78761],[-73.9024,40.78955],[-73.89829,40.78691],[-73.89678,40.78656],[-73.89555,40.7852],[-73.89861,40.78264],[-73.90148,40.78277],[-73.90275,40.782],[-73.90381,40.78048],[-73.90347,40.77862],[-73.90242,40.77939],[-73.90203,40.78108],[-73.90108,40.78178],[-73.89898,40.78172],[-73.89694,40.78301],[-73.89579,40.78244],[-73.89591,40.78157],[-73.892,40.77891],[-73.89286,40.77716],[-73.89235,40.77585],[-73.89289,40.77381],[-73.8937,40.77423],[-73.89769,40.77029],[-73.8981,40.77064],[-73.90033,40.76881],[-73.89962,40.7683],[-73.90066,40.76721],[-73.90709,40.76824]]]}},{"type":"Feature","id":"11426","properties":{"z":"11426"},"geometry":{"type":"Polygon","coordinates":[[[-73.71186,40.73316],[-73.71148,40.7325],[-73.71229,40.73232],[-73.71204,40.73084],[-73.71089,40.73097],[-73.71061,40.72945],[-73.71182,40.72926],[-73.7116,40.72819],[-73.71055,40.72804],[-73.7105,40.72723],[-73.71829,40.72604],[-73.72963,40.72245],[-73.73149,40.72742],[-73.73123,40.72895],[-73.73217,40.72915],[-73.73173,40.73029],[-73.73069,40.73037],[-73.73062,40.73109],[-73.73194,40.73093],[-73.7313,40.73267],[-73.72637,40.73349],[-73.72701,40.73558],[-73.72611,40.73638],[-73.72751,40.74069],[-73.72667,40.74088],[-73.73234,40.74358],[-73.72907,40.74739],[-73.72699,40.75112],[-73.72292,40.7541],[-73.72132,40.75281],[-73.72109,40.75204],[-73.7218,40.75094],[-73.72042,40.75037],[-73.71741,40.74351],[-73.71792,40.74338],[-73.71371,40.73618],[-73.71474,40.73595],[-73.71396,40.73388],[-73.71251,40.73421],[-73.71186,40.73316]]]}},{"type":"Feature","id":"11411","properties":{"z":"11411"},"geometry":{"type":"Polygon","coordinates":[[[-73.74413,40.70274],[-73.74331,40.70296],[-73.74309,40.7024],[-73.74114,40.70181],[-73.73823,40.70188],[-73.7382,40.7026],[-73.73235,40.70242],[-73.73239,40.7017],[-73.72771,40.70157],[-73.72752,40.6972],[-73.7264,40.69686],[-73.72586,40.68322],[-73.74753,40.68938],[-73.74729,40.68974],[-73.74812,40.69013],[-73.74528,40.69411],[-73.74864,40.70159],[-73.74413,40.70274]]]}},{"type":"Feature","id":"11430","properties":{"z":"11430"},"geometry":{"type":"Polygon","coordinates":[[[-73.8019,40.66525],[-73.7901,40.66432],[-73.78074,40.66245],[-73.77383,40.65965],[-73.75321,40.64828],[-73.75383,40.64727],[-73.74857,40.64457],[-73.74611,40.64062],[-73.74712,40.63698],[-73.7467,40.63339],[-73.76702,40.62548],[-73.76695,40.62317],[-73.76809,40.62294],[-73.77543,40.61618],[-73.77609,40.61627],[-73.77525,40.61672],[-73.77355,40.61979],[-73.77224,40.62477],[-73.77323,40.62584],[-73.78388,40.63003],[-73.78472,40.63101],[-73.78717,40.63168],[-73.78955,40.63357],[-73.79033,40.63337],[-73.79214,40.635],[-73.81303,40.64414],[-73.82234,40.64934],[-73.82321,40.65539],[-73.82238,40.65942],[-73.81858,40.66085],[-73.81887,40.66202],[-73.82309,40.66031],[-73.82467,40.65556],[-73.82289,40.64834],[-73.82352,40.64786],[-73.82386,40.64939],[-73.82588,40.64937],[-73.82641,40.64826],[-73.82849,40.65725],[-73.83264,40.66518],[-73.82716,40.66394],[-73.81494,40.66276],[-73.8121,40.66308],[-73.81139,40.66373],[-73.81032,40.66708],[-73.80166,40.66689],[-73.8019,40.66525]]]}},{"type":"Feature","id":"10306","properties":{"z":"10306"},"geometry":{"type":"Polygon","coordinates":[[[-74.13178,40.55349],[-74.13456,40.55125],[-74.13776,40.55388],[-74.1385,40.55344],[-74.13978,40.55449],[-74.14048,40.55418],[-74.14025,40.55479],[-74.14554,40.55385],[-74.13966,40.55865],[-74.14259,40.55989],[-74.1517,40.56786],[-74.15477,40.56542],[-74.1571,40.56263],[-74.16378,40.56032],[-74.16589,40.56028],[-74.16499,40.56145],[-74.16444,40.56525],[-74.16594,40.567],[-74.16962,40.56624],[-74.16984,40.57088],[-74.15253,40.58062],[-74.14632,40.58607],[-74.14583,40.58856],[-74.13867,40.58902],[-74.13375,40.58614],[-74.13329,40.58406],[-74.1304,40.58276],[-74.12918,40.58404],[-74.1291,40.58629],[-74.12778,40.58745],[-74.12782,40.58944],[-74.12638,40.59072],[-74.12628,40.59345],[-74.12264,40.59942],[-74.12077,40.60067],[-74.1206,40.60181],[-74.11958,40.60182],[-74.11943,40.59836],[-74.11782,40.59839],[-74.11782,40.59903],[-74.11664,40.59906],[-74.11684,40.60189],[-74.11487,40.60214],[-74.1113,40.59821],[-74.11131,40.59706],[-74.11325,40.5961],[-74.11414,40.59655],[-74.11593,40.59582],[-74.12056,40.5885],[-74.12017,40.58822],[-74.12311,40.5851],[-74.11915,40.58151],[-74.11829,40.57819],[-74.11759,40.57758],[-74.11542,40.57863],[-74.11392,40.58051],[-74.10778,40.58435],[-74.10089,40.59045],[-74.10208,40.58874],[-74.09849,40.58711],[-74.10198,40.58458],[-74.09772,40.58181],[-74.09617,40.58304],[-74.092,40.58089],[-74.09344,40.57905],[-74.08897,40.57715],[-74.08986,40.57619],[-74.0858,40.57413],[-74.08877,40.57238],[-74.09231,40.56862],[-74.09269,40.56806],[-74.09108,40.56649],[-74.0943,40.56302],[-74.0952,40.56279],[-74.09815,40.55915],[-74.09931,40.55959],[-74.10107,40.55854],[-74.10473,40.5525],[-74.10647,40.55335],[-74.10913,40.55191],[-74.11273,40.54736],[-74.11498,40.54958],[-74.11602,40.54936],[-74.11811,40.55063],[-74.11799,40.55125],[-74.1273,40.5573],[-74.13178,40.55349]]]}},{"type":"Feature","id":"10302","properties":{"z":"10302"},"geometry":{"type":"Polygon","coordinates":[[[-74.12702,40.63932],[-74.12689,40.63721],[-74.12785,40.63728],[-74.12844,40.63367],[-74.12945,40.63366],[-74.13061,40.63132],[-74.12959,40.63065],[-74.12904,40.62871],[-74.13026,40.62871],[-74.13192,40.62455],[-74.13206,40.62339],[-74.13061,40.62349],[-74.13041,40.62177],[-74.13191,40.62165],[-74.13226,40.62278],[-74.13317,40.62207],[-74.13401,40.62214],[-74.13639,40.62347],[-74.13666,40.62151],[-74.14168,40.62163],[-74.14191,40.61987],[-74.14135,40.61977],[-74.14165,40.61811],[-74.14121,40.61805],[-74.14162,40.61652],[-74.14732,40.61707],[-74.14689,40.61854],[-74.14529,40.61855],[-74.14468,40.6199],[-74.14661,40.62029],[-74.14793,40.62134],[-74.15194,40.61753],[-74.14781,40.62203],[-74.14612,40.62493],[-74.14592,40.63097],[-74.14398,40.6306],[-74.14357,40.63188],[-74.14495,40.63203],[-74.14562,40.63142],[-74.1458,40.63219],[-74.14248,40.64039],[-74.14146,40.64055],[-74.14041,40.63974],[-74.13995,40.64046],[-74.13764,40.64097],[-74.13768,40.64156],[-74.13441,40.64209],[-74.13128,40.64168],[-74.13082,40.6412],[-74.12858,40.64129],[-74.12786,40.64072],[-74.12781,40.63991],[-74.12696,40.64018],[-74.12702,40.63932]]]}},{"type":"Feature","id":"10312","properties":{"z":"10312"},"geometry":{"type":"Polygon","coordinates":[[[-74.19411,40.51243],[-74.19364,40.51271],[-74.19326,40.51731],[-74.19944,40.52587],[-74.19498,40.53044],[-74.19608,40.52991],[-74.19748,40.53242],[-74.20289,40.53171],[-74.20309,40.53248],[-74.19931,40.53399],[-74.19858,40.53448],[-74.19887,40.53515],[-74.20305,40.54428],[-74.20613,40.54354],[-74.21126,40.55514],[-74.21291,40.55426],[-74.21316,40.55484],[-74.205,40.55747],[-74.20667,40.55794],[-74.2057,40.55852],[-74.20166,40.55958],[-74.19991,40.56085],[-74.19938,40.56041],[-74.19355,40.5663],[-74.19796,40.57841],[-74.19305,40.57632],[-74.18688,40.57706],[-74.18377,40.57361],[-74.17888,40.57177],[-74.17672,40.5699],[-74.1747,40.56686],[-74.17056,40.56684],[-74.16962,40.56624],[-74.16545,40.56672],[-74.16444,40.56525],[-74.16499,40.56145],[-74.16589,40.56028],[-74.16494,40.56011],[-74.1621,40.54908],[-74.16117,40.54919],[-74.16077,40.54737],[-74.16174,40.54699],[-74.16211,40.54591],[-74.15937,40.54733],[-74.15887,40.54626],[-74.15919,40.54523],[-74.15179,40.5377],[-74.1507,40.53711],[-74.14974,40.53727],[-74.14723,40.53579],[-74.1464,40.53637],[-74.14517,40.53576],[-74.14509,40.53502],[-74.14782,40.53483],[-74.1526,40.53048],[-74.15623,40.52857],[-74.16001,40.52734],[-74.16233,40.52717],[-74.16379,40.52633],[-74.16603,40.52374],[-74.16984,40.5222],[-74.17161,40.52279],[-74.17789,40.51946],[-74.17936,40.51947],[-74.17978,40.52011],[-74.18317,40.5199],[-74.18383,40.51899],[-74.18444,40.51913],[-74.18657,40.5179],[-74.19201,40.51178],[-74.19306,40.51163],[-74.1936,40.51082],[-74.19306,40.51055],[-74.19587,40.50976],[-74.19754,40.51119],[-74.19712,40.51242],[-74.1961,40.51242],[-74.19604,40.51194],[-74.19411,40.51243]]]}},{"type":"Feature","id":"11235","properties":{"z":"11235"},"geometry":{"type":"Polygon","coordinates":[[[-73.9676,40.58036],[-73.96733,40.58153],[-73.97113,40.58202],[-73.97059,40.58322],[-73.96676,40.58398],[-73.9665,40.58514],[-73.96915,40.58487],[-73.96928,40.58557],[-73.96633,40.5859],[-73.96615,40.58667],[-73.96757,40.58652],[-73.9677,40.58723],[-73.96598,40.58743],[-73.96581,40.58813],[-73.96783,40.58791],[-73.96797,40.58863],[-73.96564,40.58889],[-73.96513,40.59111],[-73.93301,40.59464],[-73.93243,40.59524],[-73.93018,40.59435],[-73.92986,40.59372],[-73.92978,40.59286],[-73.93055,40.59271],[-73.9301,40.59201],[-73.93088,40.59138],[-73.93073,40.58963],[-73.92978,40.58889],[-73.92797,40.58876],[-73.92792,40.5875],[-73.92552,40.58527],[-73.92721,40.5848],[-73.93137,40.58607],[-73.9301,40.5845],[-73.93204,40.58423],[-73.93195,40.58202],[-73.93245,40.58113],[-73.93112,40.57612],[-73.93495,40.57527],[-73.93625,40.57583],[-73.94251,40.57537],[-73.94396,40.57576],[-73.94457,40.57527],[-73.95233,40.57413],[-73.95522,40.57451],[-73.95608,40.57403],[-73.95849,40.57418],[-73.95864,40.57366],[-73.9594,40.57408],[-73.95941,40.57516],[-73.96757,40.57488],[-73.96992,40.57558],[-73.96913,40.58016],[-73.9676,40.58036]]]}},{"type":"Feature","id":"11205","properties":{"z":"11205"},"geometry":{"type":"Polygon","coordinates":[[[-73.98046,40.70085],[-73.98073,40.70127],[-73.97923,40.70577],[-73.97845,40.70595],[-73.97852,40.70507],[-73.97799,40.70553],[-73.97833,40.70458],[-73.97703,40.70421],[-73.97715,40.70292],[-73.97621,40.70465],[-73.97677,40.70287],[-73.97607,40.70222],[-73.97501,40.70342],[-73.97664,40.70084],[-73.97555,40.69921],[-73.97359,40.70043],[-73.97265,40.69959],[-73.9732,40.69925],[-73.97331,40.69794],[-73.96577,40.69764],[-73.95337,40.6994],[-73.95144,40.68976],[-73.95713,40.68846],[-73.95727,40.68919],[-73.96001,40.68888],[-73.96029,40.69035],[-73.96519,40.68978],[-73.96481,40.68833],[-73.97076,40.68764],[-73.97114,40.68954],[-73.97214,40.68958],[-73.97173,40.68753],[-73.97269,40.68742],[-73.97386,40.69329],[-73.97917,40.69349],[-73.98014,40.69468],[-73.98036,40.69618],[-73.9795,40.69634],[-73.98063,40.69635],[-73.98046,40.70085]]]}},{"type":"Feature","id":"10017","properties":{"z":"10017"},"geometry":{"type":"Polygon","coordinates":[[[-73.9757,40.75381],[-73.97521,40.75442],[-73.97419,40.75399],[-73.97236,40.7565],[-73.96616,40.75388],[-73.96654,40.75335],[-73.96427,40.75226],[-73.96819,40.74725],[-73.97037,40.74818],[-73.97078,40.74754],[-73.97314,40.74854],[-73.97269,40.74916],[-73.97407,40.74974],[-73.97452,40.74912],[-73.98182,40.7522],[-73.9804,40.75415],[-73.97878,40.75348],[-73.97833,40.7541],[-73.97994,40.75478],[-73.97765,40.75791],[-73.97444,40.75656],[-73.97535,40.7553],[-73.97606,40.7556],[-73.97697,40.75435],[-73.9757,40.75381]],[[-73.9757,40.75381],[-73.97711,40.75188],[-73.97929,40.7528],[-73.97977,40.75214],[-73.97653,40.75077],[-73.97605,40.75144],[-73.97445,40.75077],[-73.97396,40.75144],[-73.97556,40.75212],[-73.97465,40.75337],[-73.9757,40.75381]]]}},{"type":"Feature","id":"10027","properties":{"z":"10027"},"geometry":{"type":"Polygon","coordinates":[[[-73.95588,40.8088],[-73.95497,40.81006],[-73.95781,40.81126],[-73.95827,40.81063],[-73.95709,40.81008],[-73.95725,40.8094],[-73.95983,40.80544],[-73.96155,40.80614],[-73.96201,40.80551],[-73.96485,40.80671],[-73.9639,40.808],[-73.9659,40.80881],[-73.96442,40.81076],[-73.96348,40.81037],[-73.96306,40.81095],[-73.96402,40.81133],[-73.96149,40.81498],[-73.96069,40.81751],[-73.96298,40.81851],[-73.96189,40.81826],[-73.96104,40.8192],[-73.96203,40.81991],[-73.96082,40.81944],[-73.96053,40.81977],[-73.96158,40.82043],[-73.96042,40.81996],[-73.96001,40.82042],[-73.95602,40.8188],[-73.95545,40.81938],[-73.95227,40.81722],[-73.95088,40.8184],[-73.94973,40.81792],[-73.94837,40.81903],[-73.94755,40.8203],[-73.94854,40.82149],[-73.94808,40.82211],[-73.94608,40.82126],[-73.94868,40.81569],[-73.94522,40.8137],[-73.94465,40.81401],[-73.9451,40.81339],[-73.94449,40.81313],[-73.9418,40.81282],[-73.9434,40.81063],[-73.9404,40.80896],[-73.94275,40.80574],[-73.9443,40.80639],[-73.94524,40.80514],[-73.94613,40.80388],[-73.94467,40.80313],[-73.9535,40.80698],[-73.95396,40.80635],[-73.95681,40.80755],[-73.95588,40.8088]]]}},{"type":"Feature","id":"10032","properties":{"z":"10032"},"geometry":{"type":"Polygon","coordinates":[[[-73.93557,40.84171],[-73.93508,40.83927],[-73.94025,40.83183],[-73.94017,40.83038],[-73.94108,40.82908],[-73.94971,40.8327],[-73.94934,40.83398],[-73.9504,40.83437],[-73.94858,40.8396],[-73.94597,40.8446],[-73.94705,40.85052],[-73.94319,40.84974],[-73.94467,40.84569],[-73.94336,40.84508],[-73.94326,40.84562],[-73.94234,40.84533],[-73.94261,40.84623],[-73.94052,40.84537],[-73.94024,40.84605],[-73.93868,40.84544],[-73.93886,40.84468],[-73.93467,40.84296],[-73.93557,40.84171]]]}},{"type":"Feature","id":"10002","properties":{"z":"10002"},"geometry":{"type":"Polygon","coordinates":[[[-73.99695,40.71207],[-73.99753,40.71402],[-73.99481,40.71846],[-73.9926,40.72414],[-73.97875,40.71993],[-73.97823,40.72067],[-73.97512,40.71988],[-73.97526,40.71901],[-73.97364,40.71861],[-73.97702,40.71165],[-73.9781,40.7108],[-73.98128,40.71022],[-73.98124,40.70983],[-73.98953,40.70885],[-73.98939,40.70989],[-73.99042,40.70974],[-73.99052,40.7088],[-73.99079,40.70969],[-73.9919,40.70954],[-73.99203,40.71091],[-73.99414,40.71056],[-73.99402,40.70949],[-73.99608,40.7092],[-73.99695,40.71207]]]}},{"type":"Feature","id":"10026","properties":{"z":"10026"},"geometry":{"type":"MultiPolygon","coordinates":[[[[-73.96201,40.80551],[-73.96007,40.80471],[-73.96032,40.80399],[-73.96247,40.80489],[-73.96201,40.80551]]],[[[-73.94782,40.79881],[-73.94922,40.79691],[-73.95776,40.80047],[-73.95862,40.79998],[-73.96007,40.80059],[-73.95825,40.80311],[-73.95818,40.8056],[-73.95681,40.80755],[-73.95396,40.80635],[-73.9535,40.80698],[-73.94467,40.80313],[-73.94782,40.79881]]]]}},{"type":"Feature","id":"10128","properties":{"z":"10128"},"geometry":{"type":"MultiPolygon","coordinates":[[[[-73.93922,40.77857],[-73.93963,40.77895],[-73.93934,40.78008],[-73.9381,40.78124],[-73.93752,40.78113],[-73.9376,40.78059],[-73.93883,40.78006],[-73.93863,40.7794],[-73.93922,40.77857]]],[[[-73.95671,40.78086],[-73.95992,40.78221],[-73.95578,40.78791],[-73.95093,40.78587],[-73.95043,40.78654],[-73.94422,40.78393],[-73.94472,40.78325],[-73.94315,40.78253],[-73.94344,40.78119],[-73.94298,40.77969],[-73.94229,40.77942],[-73.94272,40.77478],[-73.94434,40.77311],[-73.94573,40.77362],[-73.94477,40.77494],[-73.94527,40.77515],[-73.94488,40.77567],[-73.95125,40.77855],[-73.95174,40.77788],[-73.9572,40.78018],[-73.95671,40.78086]]]]}},{"type":"Feature","id":"10165","properties":{"z":"10165"},"geometry":{"type":"Polygon","coordinates":[[[-73.97768,40.75212],[-73.97816,40.75146],[-73.97977,40.75214],[-73.97929,40.7528],[-73.97768,40.75212]]]}},{"type":"Feature","id":"11422","properties":{"z":"11422"},"geometry":{"type":"Polygon","coordinates":[[[-73.74002,40.66475],[-73.73858,40.66638],[-73.74193,40.66685],[-73.7411,40.66819],[-73.74195,40.6685],[-73.74089,40.67018],[-73.74004,40.66987],[-73.739,40.67156],[-73.73984,40.67187],[-73.73879,40.67355],[-73.73794,40.67325],[-73.73693,40.67493],[-73.734,40.68043],[-73.73222,40.68512],[-73.72586,40.68322],[-73.72601,40.67808],[-73.72808,40.67156],[-73.72838,40.66643],[-73.72758,40.66385],[-73.72778,40.66311],[-73.72839,40.66303],[-73.72593,40.65773],[-73.7251,40.65304],[-73.72665,40.65149],[-73.73479,40.6497],[-73.73908,40.64811],[-73.74196,40.64797],[-73.74154,40.64623],[-73.74207,40.64273],[-73.74143,40.6405],[-73.74228,40.64012],[-73.73985,40.63581],[-73.74094,40.63507],[-73.74254,40.635],[-73.74131,40.63747],[-73.74249,40.63804],[-73.74378,40.63784],[-73.74529,40.63413],[-73.7467,40.63339],[-73.74712,40.63698],[-73.74611,40.64062],[-73.74857,40.64457],[-73.75389,40.64755],[-73.75321,40.64828],[-73.74617,40.64486],[-73.74644,40.64805],[-73.746,40.65045],[-73.74703,40.65175],[-73.74852,40.65129],[-73.74821,40.65196],[-73.74928,40.65255],[-73.74914,40.65494],[-73.74704,40.65751],[-73.74506,40.65741],[-73.74002,40.66475]]]}},{"type":"Feature","id":"11373","properties":{"z":"11373"},"geometry":{"type":"Polygon","coordinates":[[[-73.88579,40.74744],[-73.87984,40.74806],[-73.87889,40.74764],[-73.87841,40.74822],[-73.86943,40.74916],[-73.86919,40.74876],[-73.87002,40.74847],[-73.86868,40.74619],[-73.86826,40.74631],[-73.86749,40.7433],[-73.86756,40.74094],[-73.86648,40.73821],[-73.86555,40.73843],[-73.86493,40.73689],[-73.86583,40.73664],[-73.86442,40.73391],[-73.86867,40.73277],[-73.86826,40.73251],[-73.86979,40.7305],[-73.87143,40.72925],[-73.87487,40.73061],[-73.87933,40.72864],[-73.88561,40.72836],[-73.88724,40.72783],[-73.88756,40.7302],[-73.88806,40.73009],[-73.88852,40.73453],[-73.88936,40.73584],[-73.89138,40.73592],[-73.8888,40.73653],[-73.89175,40.74214],[-73.8907,40.74226],[-73.89146,40.74687],[-73.89037,40.74623],[-73.8905,40.74694],[-73.88579,40.74744]]]}},{"type":"Feature","id":"11372","properties":{"z":"11372"},"geometry":{"type":"Polygon","coordinates":[[[-73.88486,40.74753],[-73.8905,40.74694],[-73.89037,40.74623],[-73.89146,40.74687],[-73.89467,40.74652],[-73.89465,40.74477],[-73.89483,40.74648],[-73.89728,40.75042],[-73.8958,40.75062],[-73.89652,40.75439],[-73.87886,40.75624],[-73.87924,40.75837],[-73.87832,40.75846],[-73.87793,40.75634],[-73.87222,40.75694],[-73.87168,40.75396],[-73.87207,40.75386],[-73.86943,40.74916],[-73.87841,40.74822],[-73.87889,40.74764],[-73.87984,40.74806],[-73.88486,40.74753]]]}},{"type":"Feature","id":"11421","properties":{"z":"11421"},"geometry":{"type":"Polygon","coordinates":[[[-73.85529,40.70184],[-73.85529,40.7026],[-73.85069,40.70209],[-73.85156,40.7003],[-73.85046,40.70018],[-73.84798,40.69685],[-73.84431,40.68944],[-73.86629,40.68319],[-73.86872,40.69476],[-73.8708,40.69788],[-73.86931,40.69935],[-73.86916,40.70289],[-73.86325,40.70339],[-73.85829,40.70297],[-73.8587,40.7011],[-73.8582,40.701],[-73.85529,40.70184]]]}},{"type":"Feature","id":"11360","properties":{"z":"11360"},"geometry":{"type":"Polygon","coordinates":[[[-73.79199,40.7807],[-73.79336,40.7817],[-73.79412,40.7861],[-73.79548,40.78582],[-73.79069,40.78821],[-73.7926,40.79046],[-73.79066,40.78995],[-73.78182,40.79063],[-73.78105,40.78954],[-73.77842,40.78899],[-73.77419,40.78671],[-73.76752,40.77946],[-73.76417,40.77296],[-73.76259,40.77169],[-73.76341,40.77156],[-73.76539,40.77359],[-73.76978,40.77262],[-73.77026,40.7737],[-73.77117,40.77352],[-73.77158,40.77431],[-73.77384,40.77385],[-73.77349,40.77231],[-73.77447,40.7721],[-73.77481,40.77367],[-73.78931,40.76971],[-73.79163,40.77424],[-73.79035,40.77457],[-73.79143,40.77725],[-73.79197,40.77718],[-73.79106,40.77903],[-73.79191,40.77945],[-73.79199,40.7807]]]}},{"type":"Feature","id":"11436","properties":{"z":"11436"},"geometry":{"type":"Polygon","coordinates":[[[-73.78848,40.67133],[-73.78941,40.66684],[-73.80166,40.66689],[-73.80122,40.66902],[-73.80164,40.67435],[-73.80577,40.68293],[-73.79458,40.68611],[-73.79373,40.68436],[-73.79272,40.68465],[-73.79257,40.68417],[-73.79267,40.68262],[-73.79113,40.67777],[-73.79232,40.67737],[-73.79157,40.67575],[-73.79034,40.67604],[-73.78989,40.6752],[-73.7903,40.67336],[-73.78808,40.67301],[-73.78848,40.67133]]]}},{"type":"Feature","id":"11432","properties":{"z":"11432"},"geometry":{"type":"Polygon","coordinates":[[[-73.80636,40.72082],[-73.78946,40.72649],[-73.78831,40.72596],[-73.78575,40.7268],[-73.78619,40.72756],[-73.7836,40.72841],[-73.78317,40.72764],[-73.7808,40.72843],[-73.77551,40.71909],[-73.77637,40.71877],[-73.77584,40.71767],[-73.77491,40.71784],[-73.77357,40.71512],[-73.78262,40.71294],[-73.78036,40.70846],[-73.78869,40.70747],[-73.78957,40.70722],[-73.78916,40.70623],[-73.79102,40.70578],[-73.79146,40.70668],[-73.79253,40.70636],[-73.79165,40.70486],[-73.79285,40.70442],[-73.79396,40.70583],[-73.79489,40.70546],[-73.79379,40.70403],[-73.79455,40.7037],[-73.79842,40.70274],[-73.79915,40.70375],[-73.8002,40.70334],[-73.79992,40.70247],[-73.80413,40.70146],[-73.8089,40.7106],[-73.80951,40.71214],[-73.80863,40.71239],[-73.80896,40.71306],[-73.80983,40.71281],[-73.81015,40.71347],[-73.81034,40.71574],[-73.80767,40.71551],[-73.80823,40.71724],[-73.81181,40.71688],[-73.81203,40.71764],[-73.80861,40.71842],[-73.80904,40.71991],[-73.80636,40.72082]]]}},{"type":"Feature","id":"11428","properties":{"z":"11428"},"geometry":{"type":"Polygon","coordinates":[[[-73.75393,40.71957],[-73.73931,40.72817],[-73.7407,40.72953],[-73.73363,40.72801],[-73.73306,40.72936],[-73.73123,40.72895],[-73.73149,40.72742],[-73.72981,40.72329],[-73.72963,40.72245],[-73.73033,40.72216],[-73.72966,40.72048],[-73.73257,40.72031],[-73.7353,40.7185],[-73.73538,40.71771],[-73.75371,40.71332],[-73.7547,40.71471],[-73.75558,40.71433],[-73.75764,40.71797],[-73.75393,40.71957]]]}},{"type":"Feature","id":"10301","properties":{"z":"10301"},"geometry":{"type":"MultiPolygon","coordinates":[[[[-74.09352,40.61292],[-74.09098,40.61207],[-74.0915,40.61154],[-74.09299,40.61144],[-74.09469,40.61218],[-74.09352,40.61292]]],[[[-74.10269,40.63544],[-74.10313,40.63735],[-74.10447,40.63718],[-74.10481,40.63898],[-74.10542,40.6389],[-74.10655,40.64424],[-74.1051,40.64447],[-74.10478,40.64598],[-74.10002,40.64541],[-74.09381,40.64608],[-74.08844,40.64823],[-74.08434,40.64908],[-74.08224,40.64869],[-74.07825,40.64947],[-74.07513,40.64852],[-74.07449,40.648],[-74.07546,40.64736],[-74.07433,40.6469],[-74.07364,40.64564],[-74.07247,40.64634],[-74.07185,40.64608],[-74.07192,40.64553],[-74.07112,40.64522],[-74.06947,40.64284],[-74.06935,40.6381],[-74.07507,40.63778],[-74.07458,40.63625],[-74.07585,40.63594],[-74.07517,40.63417],[-74.07596,40.63197],[-74.07795,40.63255],[-74.07747,40.63372],[-74.07871,40.63407],[-74.07899,40.63319],[-74.07989,40.63341],[-74.07875,40.63706],[-74.08231,40.63366],[-74.08412,40.63478],[-74.0852,40.63376],[-74.08575,40.63396],[-74.08808,40.63108],[-74.08682,40.63032],[-74.08851,40.62891],[-74.08867,40.62103],[-74.08942,40.62031],[-74.08763,40.61954],[-74.08815,40.617],[-74.0898,40.61681],[-74.0936,40.6182],[-74.0943,40.61666],[-74.09219,40.61546],[-74.09352,40.61292],[-74.0963,40.61404],[-74.09623,40.61572],[-74.09715,40.61529],[-74.09811,40.61279],[-74.09935,40.61242],[-74.09818,40.61074],[-74.09684,40.61],[-74.09737,40.60905],[-74.09494,40.60931],[-74.09626,40.60887],[-74.09603,40.60853],[-74.09673,40.60819],[-74.09632,40.60745],[-74.0975,40.60588],[-74.10182,40.60516],[-74.10327,40.60304],[-74.10709,40.60431],[-74.1127,40.60307],[-74.11155,40.60106],[-74.10953,40.60159],[-74.10934,40.60089],[-74.11302,40.60014],[-74.11487,40.60214],[-74.11387,40.60258],[-74.11311,40.60425],[-74.11066,40.60593],[-74.10954,40.6096],[-74.10998,40.61046],[-74.112,40.61142],[-74.11388,40.61163],[-74.11291,40.6127],[-74.11338,40.6138],[-74.11415,40.61374],[-74.1147,40.61807],[-74.11794,40.61785],[-74.11967,40.62174],[-74.11857,40.62254],[-74.11841,40.62376],[-74.11697,40.62463],[-74.11331,40.62304],[-74.11002,40.62069],[-74.10445,40.62291],[-74.10426,40.62368],[-74.10352,40.62376],[-74.10436,40.62821],[-74.105,40.62814],[-74.10577,40.63057],[-74.10598,40.63429],[-74.10552,40.6347],[-74.10253,40.63466],[-74.10269,40.63544]]]]}},{"type":"Feature","id":"10305","properties":{"z":"10305"},"geometry":{"type":"Polygon","coordinates":[[[-74.09793,40.58752],[-74.09137,40.59231],[-74.08773,40.59601],[-74.08715,40.59597],[-74.08752,40.59637],[-74.08476,40.60226],[-74.08334,40.60274],[-74.08386,40.6034],[-74.07943,40.6091],[-74.07455,40.61694],[-74.07029,40.62101],[-74.07415,40.62682],[-74.06876,40.62741],[-74.06791,40.62519],[-74.06464,40.62066],[-74.06592,40.61958],[-74.0637,40.61944],[-74.0623,40.61814],[-74.06396,40.61684],[-74.06152,40.61483],[-74.06027,40.61159],[-74.05709,40.6089],[-74.05559,40.60663],[-74.05507,40.6069],[-74.05142,40.60469],[-74.05792,40.59204],[-74.06437,40.58855],[-74.06833,40.58422],[-74.07382,40.58045],[-74.07622,40.57812],[-74.07723,40.57864],[-74.07763,40.57833],[-74.07669,40.57766],[-74.08391,40.57273],[-74.09116,40.56672],[-74.09269,40.56806],[-74.09247,40.56843],[-74.08877,40.57238],[-74.0858,40.57413],[-74.08986,40.57619],[-74.08897,40.57715],[-74.09344,40.57905],[-74.092,40.58089],[-74.09617,40.58304],[-74.09772,40.58181],[-74.10198,40.58458],[-74.09793,40.58752]]]}},{"type":"Feature","id":"10310","properties":{"z":"10310"},"geometry":{"type":"Polygon","coordinates":[[[-74.10635,40.64332],[-74.10542,40.6389],[-74.10481,40.63898],[-74.10447,40.63718],[-74.10313,40.63735],[-74.10253,40.63466],[-74.10552,40.6347],[-74.10598,40.63429],[-74.10577,40.63057],[-74.105,40.62814],[-74.10436,40.62821],[-74.10352,40.62376],[-74.10426,40.62368],[-74.10445,40.62291],[-74.11002,40.62069],[-74.11331,40.62304],[-74.11697,40.62463],[-74.11841,40.62376],[-74.11857,40.62254],[-74.12008,40.62167],[-74.12147,40.62287],[-74.12204,40.62418],[-74.1247,40.62368],[-74.12487,40.623],[-74.12616,40.6229],[-74.12629,40.62384],[-74.13206,40.62339],[-74.13026,40.62871],[-74.12904,40.62871],[-74.12959,40.63065],[-74.13061,40.63132],[-74.12945,40.63366],[-74.12844,40.63367],[-74.12785,40.63728],[-74.12689,40.63721],[-74.12696,40.64018],[-74.12374,40.6402],[-74.12066,40.6412],[-74.12093,40.64181],[-74.12037,40.64235],[-74.11264,40.64455],[-74.11092,40.64555],[-74.10478,40.64598],[-74.1051,40.64447],[-74.10655,40.64424],[-74.10635,40.64332]]]}},{"type":"Feature","id":"10468","properties":{"z":"10468"},"geometry":{"type":"Polygon","coordinates":[[[-73.88566,40.87889],[-73.88532,40.87918],[-73.88486,40.87855],[-73.88738,40.87272],[-73.89174,40.86951],[-73.89707,40.86253],[-73.89995,40.85742],[-73.91102,40.8606],[-73.91616,40.85878],[-73.91722,40.85601],[-73.91759,40.85681],[-73.91929,40.85748],[-73.91085,40.86653],[-73.9092,40.86978],[-73.9091,40.87168],[-73.90825,40.87219],[-73.9077,40.87156],[-73.90664,40.87334],[-73.9084,40.86915],[-73.90769,40.86897],[-73.90815,40.86724],[-73.90675,40.86862],[-73.90365,40.86987],[-73.90291,40.87106],[-73.90317,40.87166],[-73.90215,40.87559],[-73.90021,40.87705],[-73.89958,40.87661],[-73.9003,40.87447],[-73.89843,40.87374],[-73.89733,40.87145],[-73.8879,40.88285],[-73.88711,40.88292],[-73.88566,40.87889]]]}},{"type":"Feature","id":"10462","properties":{"z":"10462"},"geometry":{"type":"Polygon","coordinates":[[[-73.86886,40.85722],[-73.86838,40.85781],[-73.86179,40.85798],[-73.86192,40.85678],[-73.86097,40.85681],[-73.85949,40.85359],[-73.853,40.84529],[-73.85219,40.84566],[-73.85115,40.84432],[-73.85111,40.84385],[-73.85521,40.84298],[-73.85334,40.84247],[-73.85309,40.84105],[-73.84559,40.83565],[-73.8437,40.83517],[-73.84003,40.83566],[-73.83996,40.8349],[-73.84458,40.8313],[-73.84441,40.8306],[-73.84228,40.83127],[-73.84268,40.8285],[-73.84572,40.82828],[-73.84733,40.82922],[-73.86085,40.83361],[-73.86272,40.83302],[-73.86284,40.83369],[-73.86681,40.83484],[-73.86507,40.83534],[-73.86499,40.83491],[-73.86294,40.8343],[-73.86356,40.83787],[-73.86452,40.83777],[-73.86489,40.83977],[-73.86394,40.84005],[-73.86517,40.84247],[-73.86779,40.84488],[-73.87041,40.8454],[-73.87191,40.84262],[-73.87142,40.851],[-73.8719,40.85408],[-73.87099,40.85565],[-73.86886,40.85722]]]}},{"type":"Feature","id":"10465","properties":{"z":"10465"},"geometry":{"type":"Polygon","coordinates":[[[-73.82518,40.8427],[-73.82496,40.84611],[-73.82048,40.8485],[-73.82014,40.84802],[-73.81567,40.84886],[-73.81579,40.84571],[-73.81477,40.84513],[-73.81467,40.84341],[-73.81594,40.8442],[-73.8185,40.84415],[-73.81567,40.84242],[-73.81474,40.83909],[-73.81634,40.83803],[-73.81641,40.83593],[-73.81519,40.83118],[-73.81287,40.82771],[-73.81417,40.8259],[-73.81374,40.82408],[-73.81307,40.82391],[-73.80847,40.82586],[-73.80723,40.82545],[-73.80573,40.82018],[-73.8036,40.81813],[-73.80188,40.81824],[-73.79829,40.81683],[-73.79736,40.81595],[-73.79912,40.81548],[-73.80011,40.81402],[-73.80196,40.81281],[-73.80351,40.81259],[-73.80321,40.8134],[-73.80675,40.81658],[-73.80635,40.81553],[-73.80531,40.81485],[-73.8048,40.81273],[-73.80353,40.812],[-73.80209,40.81008],[-73.79867,40.80996],[-73.79172,40.80688],[-73.79159,40.80741],[-73.7909,40.80732],[-73.79006,40.80541],[-73.79059,40.80451],[-73.79181,40.804],[-73.79624,40.80618],[-73.79789,40.80638],[-73.80216,40.80884],[-73.80393,40.80853],[-73.81041,40.81295],[-73.81686,40.81369],[-73.82292,40.8126],[-73.82635,40.8112],[-73.83102,40.81101],[-73.83162,40.80494],[-73.83798,40.80623],[-73.84043,40.81187],[-73.83987,40.81554],[-73.84023,40.81722],[-73.83837,40.82204],[-73.84275,40.82861],[-73.84228,40.83127],[-73.83959,40.8335],[-73.83957,40.84055],[-73.83839,40.84068],[-73.83855,40.83503],[-73.83639,40.83584],[-73.83531,40.83389],[-73.83224,40.83527],[-73.82907,40.83425],[-73.82836,40.83328],[-73.83117,40.8311],[-73.82601,40.83402],[-73.8255,40.83522],[-73.82624,40.84299],[-73.82518,40.8427]]]}},{"type":"Feature","id":"11370","properties":{"z":"11370"},"geometry":{"type":"MultiPolygon","coordinates":[[[[-73.88487,40.78662],[-73.88992,40.7874],[-73.89059,40.79015],[-73.89287,40.79057],[-73.89039,40.79796],[-73.889,40.79778],[-73.8879,40.79832],[-73.88385,40.79543],[-73.87865,40.79441],[-73.87551,40.793],[-73.87425,40.79232],[-73.87102,40.78883],[-73.87099,40.78698],[-73.87369,40.78616],[-73.87896,40.78574],[-73.88487,40.78662]]],[[[-73.88394,40.76335],[-73.88301,40.76344],[-73.88268,40.76161],[-73.88325,40.75953],[-73.88258,40.75585],[-73.89652,40.75439],[-73.89772,40.76098],[-73.89874,40.75997],[-73.89353,40.76602],[-73.90066,40.76721],[-73.89962,40.7683],[-73.90033,40.76881],[-73.8981,40.77064],[-73.89769,40.77029],[-73.8937,40.77423],[-73.89289,40.77381],[-73.89235,40.77585],[-73.89142,40.77379],[-73.89032,40.77323],[-73.88907,40.77368],[-73.88942,40.77305],[-73.88873,40.76892],[-73.8876,40.7673],[-73.88755,40.76635],[-73.88277,40.76731],[-73.88241,40.76536],[-73.88427,40.76517],[-73.88394,40.76335]]]]}},{"type":"Feature","id":"11211","properties":{"z":"11211"},"geometry":{"type":"MultiPolygon","coordinates":[[[[-73.95568,40.72394],[-73.95514,40.72433],[-73.95451,40.72322],[-73.95568,40.72394]]],[[[-73.96161,40.72495],[-73.95772,40.7243],[-73.95757,40.7251],[-73.95615,40.72424],[-73.95568,40.72394],[-73.95627,40.72339],[-73.95478,40.72246],[-73.95604,40.7214],[-73.95475,40.7206],[-73.95165,40.72349],[-73.95065,40.72171],[-73.95006,40.7183],[-73.94059,40.71921],[-73.94038,40.71809],[-73.93731,40.71893],[-73.93695,40.7181],[-73.93529,40.71852],[-73.9365,40.72125],[-73.93504,40.72167],[-73.93559,40.72299],[-73.92814,40.72506],[-73.92922,40.72785],[-73.92387,40.72006],[-73.92404,40.71876],[-73.92304,40.71699],[-73.92396,40.71617],[-73.93832,40.71252],[-73.93768,40.71118],[-73.94031,40.71052],[-73.94069,40.71196],[-73.94223,40.7118],[-73.9421,40.71106],[-73.94379,40.7109],[-73.94397,40.71164],[-73.9456,40.71148],[-73.94548,40.71074],[-73.9471,40.71059],[-73.94724,40.71132],[-73.95112,40.71096],[-73.95024,40.70547],[-73.9519,40.70442],[-73.95253,40.70498],[-73.95444,40.70375],[-73.95381,40.70318],[-73.95746,40.70082],[-73.95702,40.69897],[-73.96577,40.69764],[-73.97331,40.69794],[-73.9732,40.69925],[-73.97265,40.69959],[-73.97359,40.70043],[-73.97555,40.69921],[-73.97664,40.70084],[-73.97588,40.70193],[-73.97456,40.70155],[-73.97568,40.69971],[-73.97532,40.69959],[-73.97414,40.70124],[-73.97245,40.70025],[-73.97361,40.7015],[-73.97316,40.70157],[-73.971,40.69982],[-73.97067,40.70004],[-73.97323,40.7023],[-73.97276,40.70262],[-73.96983,40.70018],[-73.96945,40.7004],[-73.97237,40.70339],[-73.96917,40.70137],[-73.96883,40.70168],[-73.97239,40.70396],[-73.97093,40.70372],[-73.97523,40.70645],[-73.97317,40.70564],[-73.97248,40.70607],[-73.97444,40.70761],[-73.97406,40.70783],[-73.97097,40.70579],[-73.97092,40.70671],[-73.97258,40.70869],[-73.97215,40.70895],[-73.96944,40.70685],[-73.96985,40.70905],[-73.96758,40.7165],[-73.96154,40.72388],[-73.96161,40.72495]]]]}},{"type":"Feature","id":"11209","properties":{"z":"11209"},"geometry":{"type":"Polygon","coordinates":[[[-74.01875,40.62432],[-74.01971,40.62219],[-74.02009,40.62242],[-74.02288,40.61947],[-74.02755,40.61292],[-74.02656,40.61257],[-74.02527,40.61552],[-74.02279,40.6146],[-74.02478,40.6097],[-74.02645,40.608],[-74.02447,40.60686],[-74.02475,40.60573],[-74.0236,40.60561],[-74.0215,40.60783],[-74.01822,40.60689],[-74.01702,40.60766],[-74.0155,40.60684],[-74.01945,40.60283],[-74.02931,40.6046],[-74.03394,40.60703],[-74.03789,40.61082],[-74.04067,40.6152],[-74.04225,40.62117],[-74.04249,40.62467],[-74.04152,40.62968],[-74.04045,40.63201],[-74.03865,40.63564],[-74.03724,40.63598],[-74.03607,40.63731],[-74.03596,40.63882],[-74.02604,40.63574],[-74.02352,40.63462],[-74.02339,40.63397],[-74.02157,40.63321],[-74.02101,40.63347],[-74.01605,40.63103],[-74.01875,40.62432]]]}},{"type":"Feature","id":"11220","properties":{"z":"11220"},"geometry":{"type":"Polygon","coordinates":[[[-74.01039,40.65154],[-74.00624,40.64902],[-74.00682,40.64847],[-73.99773,40.64341],[-74.00325,40.6381],[-74.00052,40.63646],[-74.00124,40.63598],[-74.00384,40.63755],[-74.00796,40.63358],[-74.00631,40.63258],[-74.00702,40.63211],[-74.00854,40.63303],[-74.0127,40.62902],[-74.01214,40.62868],[-74.01285,40.62866],[-74.01696,40.63162],[-74.02339,40.63397],[-74.02352,40.63462],[-74.02604,40.63574],[-74.03596,40.63882],[-74.03661,40.63658],[-74.03865,40.63564],[-74.03578,40.64071],[-74.0366,40.64136],[-74.03312,40.64494],[-74.0316,40.6442],[-74.0304,40.6454],[-74.02826,40.64415],[-74.02784,40.64455],[-74.03142,40.6467],[-74.02909,40.64878],[-74.02455,40.64715],[-74.02406,40.6476],[-74.02513,40.64832],[-74.02472,40.64874],[-74.02564,40.64975],[-74.02441,40.65092],[-74.02088,40.64874],[-74.02146,40.64818],[-74.01926,40.64685],[-74.01343,40.65245],[-74.01111,40.65106],[-74.00938,40.65274],[-74.01039,40.65154]]]}},{"type":"Feature","id":"11096","properties":{"z":"11096"},"geometry":{"type":"Polygon","coordinates":[[[-73.7409,40.62303],[-73.73802,40.62342],[-73.7375,40.6213],[-73.73737,40.61492],[-73.74563,40.61176],[-73.74685,40.61157],[-73.74799,40.61231],[-73.75517,40.60998],[-73.7552,40.61059],[-73.76002,40.61135],[-73.76597,40.61493],[-73.76702,40.62548],[-73.7467,40.63339],[-73.7443,40.63151],[-73.74169,40.6309],[-73.74587,40.63145],[-73.74662,40.6307],[-73.74513,40.62819],[-73.74522,40.62732],[-73.74471,40.62753],[-73.74324,40.62521],[-73.74198,40.62551],[-73.7409,40.62303]]]}},{"type":"Feature","id":"10040","properties":{"z":"10040"},"geometry":{"type":"Polygon","coordinates":[[[-73.93077,40.86064],[-73.9299,40.86223],[-73.92994,40.86357],[-73.92916,40.86447],[-73.925,40.86634],[-73.92439,40.86536],[-73.92662,40.86453],[-73.92472,40.86155],[-73.92757,40.85771],[-73.92531,40.85809],[-73.92469,40.85664],[-73.92815,40.85186],[-73.93895,40.85608],[-73.9367,40.85892],[-73.93507,40.85999],[-73.93379,40.86307],[-73.93274,40.86294],[-73.93243,40.86169],[-73.93305,40.85983],[-73.93131,40.85933],[-73.93077,40.86064]]]}},{"type":"Feature","id":"10018","properties":{"z":"10018"},"geometry":{"type":"Polygon","coordinates":[[[-73.99711,40.75462],[-73.99866,40.75525],[-73.99821,40.75587],[-74.00001,40.75662],[-74.00082,40.75616],[-74.0015,40.75645],[-74.00007,40.7584],[-74.00294,40.75973],[-74.00573,40.75597],[-74.00799,40.75739],[-74.0058,40.75673],[-74.00551,40.75709],[-74.00759,40.75794],[-74.00537,40.75736],[-74.00505,40.75775],[-74.00695,40.75879],[-74.00493,40.75796],[-74.00456,40.75838],[-74.00642,40.75924],[-74.00439,40.7586],[-74.00419,40.75898],[-74.00539,40.7599],[-74.00398,40.7592],[-74.00371,40.75958],[-74.00508,40.76029],[-74.00354,40.75983],[-74.00272,40.76079],[-74.00464,40.7619],[-74.00257,40.76105],[-74.00229,40.76147],[-74.00424,40.7624],[-74.00211,40.76168],[-74.00172,40.76221],[-74.00116,40.76202],[-74.0017,40.76138],[-73.99694,40.75938],[-73.9976,40.75881],[-73.99962,40.75902],[-73.99677,40.75781],[-73.99641,40.75834],[-73.99482,40.75767],[-73.99438,40.75838],[-73.9846,40.75418],[-73.98504,40.75355],[-73.98182,40.7522],[-73.98408,40.7491],[-73.99013,40.75166],[-73.98969,40.75228],[-73.99253,40.75347],[-73.99298,40.75285],[-73.99711,40.75462]]]}},{"type":"Feature","id":"10022","properties":{"z":"10022"},"geometry":{"type":"Polygon","coordinates":[[[-73.96934,40.76355],[-73.96388,40.76123],[-73.96342,40.76186],[-73.96244,40.76144],[-73.96268,40.76072],[-73.95926,40.75928],[-73.95972,40.75866],[-73.9586,40.75813],[-73.96449,40.75144],[-73.96479,40.75169],[-73.96427,40.75226],[-73.96654,40.75335],[-73.96616,40.75388],[-73.97236,40.7565],[-73.97282,40.75587],[-73.97765,40.75791],[-73.97347,40.76366],[-73.97187,40.76296],[-73.97141,40.76359],[-73.97302,40.76428],[-73.97255,40.7649],[-73.96934,40.76355]],[[-73.97352,40.75781],[-73.97191,40.75713],[-73.97099,40.75837],[-73.97261,40.75906],[-73.97352,40.75781]]]}},{"type":"Feature","id":"10023","properties":{"z":"10023"},"geometry":{"type":"Polygon","coordinates":[[[-73.98106,40.78175],[-73.97756,40.78091],[-73.97664,40.78036],[-73.9769,40.78],[-73.97407,40.7788],[-73.98167,40.76844],[-73.98431,40.76985],[-73.98477,40.76922],[-73.98762,40.77041],[-73.98715,40.77105],[-73.99015,40.77231],[-73.98877,40.77667],[-73.98841,40.77651],[-73.98661,40.78071],[-73.98568,40.78031],[-73.98445,40.78319],[-73.98259,40.78239],[-73.98213,40.78303],[-73.98081,40.78247],[-73.98106,40.78175]]]}},{"type":"Feature","id":"10036","properties":{"z":"10036"},"geometry":{"type":"Polygon","coordinates":[[[-73.99819,40.76492],[-73.99774,40.76556],[-73.99555,40.76463],[-73.99509,40.76525],[-73.99296,40.76436],[-73.99336,40.76371],[-73.98701,40.76104],[-73.98656,40.76166],[-73.98446,40.76077],[-73.98481,40.7601],[-73.97812,40.75728],[-73.9804,40.75415],[-73.98362,40.75552],[-73.98412,40.75484],[-73.98089,40.75348],[-73.98182,40.7522],[-73.98504,40.75355],[-73.9846,40.75418],[-73.99438,40.75838],[-73.99482,40.75767],[-73.99641,40.75834],[-73.99677,40.75781],[-73.99962,40.75902],[-73.9976,40.75881],[-73.99694,40.75938],[-74.0017,40.76138],[-73.99819,40.76492]]]}},{"type":"Feature","id":"11434","properties":{"z":"11434"},"geometry":{"type":"Polygon","coordinates":[[[-73.78074,40.66245],[-73.7901,40.66432],[-73.8019,40.66525],[-73.80166,40.66689],[-73.78941,40.66684],[-73.78808,40.67301],[-73.7903,40.67336],[-73.78989,40.6752],[-73.79034,40.67604],[-73.79157,40.67575],[-73.79232,40.67737],[-73.79113,40.67777],[-73.79267,40.68262],[-73.79272,40.68465],[-73.79373,40.68436],[-73.79458,40.68611],[-73.79391,40.6863],[-73.79437,40.68691],[-73.79086,40.68841],[-73.79039,40.68775],[-73.78479,40.68936],[-73.78078,40.69103],[-73.78169,40.69232],[-73.77944,40.69364],[-73.77784,40.69432],[-73.77748,40.693],[-73.77625,40.69369],[-73.7758,40.69304],[-73.76929,40.69665],[-73.76521,40.69279],[-73.76539,40.69206],[-73.7662,40.69218],[-73.76305,40.68594],[-73.75805,40.67922],[-73.75983,40.67897],[-73.75797,40.6761],[-73.76249,40.67419],[-73.76368,40.67475],[-73.76405,40.67285],[-73.76225,40.67194],[-73.76293,40.67181],[-73.76261,40.6708],[-73.76376,40.6671],[-73.76271,40.66699],[-73.76529,40.66679],[-73.76353,40.66629],[-73.76616,40.66009],[-73.76796,40.66035],[-73.76767,40.65842],[-73.76612,40.65855],[-73.76582,40.6563],[-73.76735,40.65616],[-73.77383,40.65965],[-73.78074,40.66245]]]}},{"type":"Feature","id":"11378","properties":{"z":"11378"},"geometry":{"type":"Polygon","coordinates":[[[-73.9195,40.71373],[-73.92392,40.71407],[-73.92436,40.71557],[-73.92304,40.71699],[-73.92404,40.71876],[-73.92387,40.72006],[-73.92922,40.72785],[-73.92882,40.72801],[-73.93134,40.72874],[-73.93742,40.73376],[-73.93442,40.73488],[-73.93478,40.73555],[-73.93161,40.73683],[-73.92449,40.73539],[-73.91742,40.73113],[-73.91201,40.72995],[-73.90869,40.72988],[-73.90568,40.72855],[-73.90071,40.73436],[-73.89786,40.73429],[-73.89789,40.7336],[-73.89596,40.73353],[-73.89213,40.73368],[-73.89175,40.73448],[-73.88852,40.73453],[-73.88806,40.73009],[-73.88756,40.7302],[-73.8872,40.72861],[-73.88706,40.72404],[-73.88752,40.72385],[-73.88612,40.7218],[-73.89213,40.71899],[-73.89275,40.71915],[-73.8946,40.71823],[-73.89434,40.71792],[-73.90063,40.71531],[-73.90087,40.71476],[-73.90477,40.71287],[-73.90538,40.71288],[-73.90556,40.71372],[-73.90679,40.71356],[-73.90692,40.71295],[-73.90801,40.71301],[-73.90881,40.7139],[-73.9089,40.71306],[-73.91022,40.71315],[-73.91228,40.71418],[-73.91304,40.71333],[-73.9195,40.71373]]]}},{"type":"Feature","id":"11005","properties":{"z":"11005"},"geometry":{"type":"Polygon","coordinates":[[[-73.72109,40.75628],[-73.72118,40.75687],[-73.7189,40.75862],[-73.71434,40.75966],[-73.71303,40.75957],[-73.70782,40.75622],[-73.71308,40.75173],[-73.71435,40.75524],[-73.7174,40.75583],[-73.71775,40.75535],[-73.72109,40.75628]]]}},{"type":"Feature","id":"11109","properties":{"z":"11109"},"geometry":{"type":"Polygon","coordinates":[[[-73.95847,40.74421],[-73.95978,40.74247],[-73.96154,40.74308],[-73.9583,40.74573],[-73.95685,40.74822],[-73.95488,40.74797],[-73.95621,40.74387],[-73.95847,40.74421]]]}},{"type":"Feature","id":"10303","properties":{"z":"10303"},"geometry":{"type":"Polygon","coordinates":[[[-74.18794,40.62925],[-74.189,40.62953],[-74.18942,40.63065],[-74.19046,40.62887],[-74.19164,40.62841],[-74.19225,40.62881],[-74.19232,40.6304],[-74.19279,40.63014],[-74.19244,40.63082],[-74.19497,40.63096],[-74.19729,40.63231],[-74.1958,40.63153],[-74.19245,40.63343],[-74.19599,40.63517],[-74.19476,40.63705],[-74.19313,40.63919],[-74.19037,40.64051],[-74.1891,40.64219],[-74.18714,40.64054],[-74.18685,40.64098],[-74.18771,40.64264],[-74.18508,40.64442],[-74.18383,40.64351],[-74.18373,40.64469],[-74.18072,40.64472],[-74.18062,40.64528],[-74.17979,40.64546],[-74.17872,40.645],[-74.17887,40.64309],[-74.17802,40.64281],[-74.17672,40.64377],[-74.17576,40.64354],[-74.17545,40.64512],[-74.17381,40.64503],[-74.17243,40.64414],[-74.17209,40.64322],[-74.17107,40.64308],[-74.17118,40.64184],[-74.17046,40.64138],[-74.16979,40.64225],[-74.16782,40.64127],[-74.16742,40.642],[-74.16565,40.64141],[-74.16557,40.64243],[-74.16471,40.64227],[-74.16452,40.64148],[-74.16273,40.64143],[-74.16092,40.64037],[-74.16133,40.6389],[-74.16047,40.63881],[-74.16019,40.64021],[-74.15671,40.6398],[-74.1561,40.63917],[-74.1545,40.6392],[-74.15433,40.63745],[-74.15233,40.63771],[-74.15273,40.63884],[-74.15107,40.63895],[-74.14997,40.63757],[-74.14941,40.63756],[-74.14953,40.63871],[-74.14888,40.63897],[-74.14537,40.63931],[-74.14448,40.63865],[-74.1436,40.63982],[-74.14309,40.63978],[-74.1458,40.63219],[-74.14562,40.63142],[-74.14495,40.63203],[-74.14357,40.63188],[-74.14398,40.6306],[-74.14592,40.63097],[-74.14612,40.62493],[-74.14877,40.6251],[-74.14948,40.62291],[-74.15154,40.6212],[-74.16246,40.62218],[-74.16257,40.62167],[-74.16499,40.62162],[-74.16535,40.62023],[-74.16335,40.61929],[-74.16872,40.62121],[-74.16919,40.62055],[-74.17305,40.6201],[-74.176,40.61803],[-74.17948,40.61204],[-74.18031,40.61218],[-74.17745,40.6184],[-74.17633,40.62378],[-74.17767,40.62507],[-74.17855,40.62466],[-74.17911,40.62588],[-74.18378,40.62831],[-74.18482,40.62751],[-74.18565,40.6288],[-74.18794,40.62925]]]}},{"type":"Feature","id":"10461","properties":{"z":"10461"},"geometry":{"type":"Polygon","coordinates":[[[-73.84916,40.83849],[-73.85309,40.84105],[-73.85334,40.84247],[-73.85521,40.84298],[-73.85111,40.84385],[-73.85115,40.84432],[-73.85219,40.84566],[-73.853,40.84529],[-73.85949,40.85359],[-73.86097,40.85681],[-73.86192,40.85678],[-73.86179,40.85798],[-73.84646,40.85864],[-73.83724,40.85736],[-73.83337,40.85617],[-73.83337,40.85684],[-73.83253,40.85659],[-73.83143,40.85729],[-73.828,40.86084],[-73.82613,40.85731],[-73.82685,40.84865],[-73.82549,40.84584],[-73.82496,40.84611],[-73.82518,40.8427],[-73.82624,40.84299],[-73.8255,40.83522],[-73.82601,40.83402],[-73.83146,40.83116],[-73.82836,40.83328],[-73.82907,40.83425],[-73.83224,40.83527],[-73.83531,40.83389],[-73.83639,40.83584],[-73.83855,40.83503],[-73.83839,40.84068],[-73.83936,40.84088],[-73.83959,40.8335],[-73.84274,40.83087],[-73.84441,40.8306],[-73.84458,40.8313],[-73.83996,40.8349],[-73.84003,40.83566],[-73.8437,40.83517],[-73.84559,40.83565],[-73.84916,40.83849]]]}},{"type":"Feature","id":"10451","properties":{"z":"10451"},"geometry":{"type":"Polygon","coordinates":[[[-73.92267,40.82685],[-73.92046,40.83091],[-73.91894,40.83033],[-73.9202,40.8281],[-73.91532,40.82655],[-73.91476,40.82756],[-73.91363,40.82692],[-73.91169,40.82776],[-73.91131,40.82485],[-73.90871,40.82407],[-73.91004,40.82255],[-73.9095,40.82244],[-73.91016,40.82048],[-73.91155,40.82086],[-73.91216,40.81979],[-73.91742,40.82128],[-73.9189,40.81797],[-73.91712,40.81751],[-73.91746,40.81676],[-73.91924,40.81722],[-73.92035,40.81463],[-73.92644,40.81151],[-73.93168,40.80795],[-73.9325,40.81156],[-73.93211,40.81944],[-73.93251,40.82778],[-73.93294,40.82821],[-73.92876,40.82919],[-73.92267,40.82685]]]}},{"type":"Feature","id":"10471","properties":{"z":"10471"},"geometry":{"type":"Polygon","coordinates":[[[-73.91182,40.91294],[-73.91052,40.91528],[-73.88612,40.90802],[-73.88661,40.90687],[-73.88633,40.90015],[-73.88472,40.89818],[-73.88521,40.89483],[-73.88761,40.88949],[-73.89521,40.88658],[-73.89454,40.88613],[-73.895,40.8857],[-73.90237,40.88725],[-73.90286,40.88916],[-73.90443,40.89016],[-73.90551,40.89019],[-73.90626,40.88757],[-73.90739,40.88782],[-73.90906,40.88951],[-73.9129,40.88975],[-73.9127,40.89057],[-73.91634,40.89129],[-73.91669,40.8869],[-73.91398,40.88637],[-73.91604,40.88487],[-73.91876,40.88557],[-73.9187,40.88688],[-73.92096,40.88729],[-73.91512,40.90313],[-73.91429,40.90424],[-73.91182,40.91294]]]}},{"type":"Feature","id":"11223","properties":{"z":"11223"},"geometry":{"type":"Polygon","coordinates":[[[-73.98626,40.60736],[-73.96238,40.60999],[-73.96173,40.60536],[-73.96073,40.60547],[-73.95978,40.5963],[-73.96103,40.59616],[-73.96089,40.59437],[-73.95947,40.59457],[-73.959,40.59178],[-73.96513,40.59111],[-73.96564,40.58889],[-73.96797,40.58863],[-73.96783,40.58791],[-73.96581,40.58813],[-73.96598,40.58743],[-73.9677,40.58723],[-73.96757,40.58652],[-73.96615,40.58667],[-73.96633,40.5859],[-73.96928,40.58557],[-73.96915,40.58487],[-73.9665,40.58514],[-73.96661,40.58458],[-73.97752,40.58275],[-73.98281,40.58379],[-73.98664,40.60404],[-73.98748,40.60454],[-73.98685,40.6051],[-73.98726,40.60724],[-73.98626,40.60736]]]}},{"type":"Feature","id":"11221","properties":{"z":"11221"},"geometry":{"type":"Polygon","coordinates":[[[-73.93456,40.69555],[-73.93522,40.69699],[-73.93401,40.69712],[-73.93298,40.69797],[-73.92996,40.69825],[-73.9278,40.69958],[-73.92903,40.70029],[-73.92759,40.70176],[-73.91782,40.69621],[-73.91637,40.69768],[-73.91336,40.69597],[-73.91181,40.69755],[-73.9103,40.6967],[-73.91186,40.69512],[-73.90885,40.6934],[-73.91605,40.68607],[-73.91805,40.68721],[-73.91806,40.68661],[-73.9205,40.68593],[-73.94396,40.6836],[-73.94506,40.6891],[-73.94789,40.68878],[-73.94818,40.69024],[-73.94535,40.69057],[-73.94564,40.69203],[-73.93997,40.69268],[-73.94012,40.69342],[-73.9372,40.69375],[-73.93705,40.69302],[-73.93413,40.69335],[-73.93456,40.69555]]]}},{"type":"Feature","id":"11203","properties":{"z":"11203"},"geometry":{"type":"Polygon","coordinates":[[[-73.92138,40.65443],[-73.92088,40.65361],[-73.92077,40.65255],[-73.92135,40.65252],[-73.92099,40.65068],[-73.92058,40.65071],[-73.92018,40.64693],[-73.92066,40.64645],[-73.92053,40.645],[-73.91995,40.64471],[-73.92174,40.64338],[-73.92163,40.64281],[-73.91973,40.64272],[-73.92608,40.63816],[-73.93224,40.63496],[-73.93343,40.63488],[-73.93333,40.63402],[-73.93427,40.63368],[-73.93439,40.63483],[-73.93536,40.63477],[-73.93561,40.63704],[-73.93751,40.63692],[-73.93776,40.63926],[-73.9425,40.63896],[-73.94265,40.64034],[-73.94362,40.64028],[-73.94356,40.63957],[-73.94444,40.63951],[-73.94455,40.64023],[-73.94651,40.6401],[-73.94587,40.64342],[-73.94607,40.64531],[-73.94706,40.64525],[-73.94747,40.64904],[-73.94648,40.6491],[-73.94768,40.6603],[-73.94261,40.66061],[-73.94283,40.66285],[-73.93161,40.66356],[-73.93156,40.66276],[-73.92726,40.65934],[-73.9272,40.65854],[-73.92641,40.65859],[-73.92408,40.65648],[-73.92401,40.65575],[-73.9233,40.6558],[-73.92138,40.65443]]]}},{"type":"Feature","id":"11232","properties":{"z":"11232"},"geometry":{"type":"Polygon","coordinates":[[[-73.99342,40.66135],[-74.00214,40.65296],[-73.99782,40.65028],[-73.99828,40.64973],[-73.99398,40.6471],[-73.99773,40.64341],[-73.99964,40.64465],[-74.00021,40.64448],[-74.00211,40.6461],[-74.00066,40.64749],[-74.00507,40.65015],[-74.00624,40.64902],[-74.01039,40.65154],[-74.00938,40.65274],[-74.01111,40.65106],[-74.01343,40.65245],[-74.01926,40.64685],[-74.02146,40.64818],[-74.02088,40.64874],[-74.02441,40.65092],[-74.02383,40.65154],[-74.02153,40.65073],[-74.02099,40.65121],[-74.02458,40.65355],[-74.01765,40.65958],[-74.01397,40.65737],[-74.01359,40.65998],[-74.01046,40.65821],[-74.00993,40.65846],[-74.0145,40.66152],[-74.00903,40.6641],[-74.00553,40.66218],[-74.00342,40.66196],[-74.00291,40.66243],[-74.00498,40.66394],[-74.00543,40.6656],[-74.00094,40.66303],[-74.00007,40.66342],[-73.99956,40.66436],[-74.00292,40.6664],[-74.0004,40.66763],[-73.99895,40.6668],[-73.99722,40.66785],[-73.99909,40.66888],[-73.99827,40.67115],[-73.99486,40.66678],[-73.9958,40.66552],[-73.99167,40.66303],[-73.99342,40.66135]]]}},{"type":"Feature","id":"11229","properties":{"z":"11229"},"geometry":{"type":"Polygon","coordinates":[[[-73.957,40.592],[-73.959,40.59178],[-73.95947,40.59457],[-73.96089,40.59437],[-73.96103,40.59616],[-73.95978,40.5963],[-73.96073,40.60547],[-73.96173,40.60536],[-73.96238,40.60999],[-73.95071,40.61125],[-73.94996,40.61232],[-73.95027,40.61392],[-73.94931,40.61403],[-73.94912,40.61305],[-73.94835,40.61414],[-73.94657,40.61479],[-73.94699,40.617],[-73.94607,40.6171],[-73.94574,40.61536],[-73.94483,40.61605],[-73.94431,40.61341],[-73.94375,40.61295],[-73.94298,40.61345],[-73.93754,40.60856],[-73.93605,40.60952],[-73.93423,40.6079],[-73.93351,40.60834],[-73.92987,40.60507],[-73.93355,40.60269],[-73.92813,40.59778],[-73.92957,40.59682],[-73.91766,40.58614],[-73.92034,40.58461],[-73.9261,40.58483],[-73.92552,40.58527],[-73.92792,40.5875],[-73.92797,40.58876],[-73.92978,40.58889],[-73.93073,40.58963],[-73.93088,40.59138],[-73.9301,40.59201],[-73.93055,40.59271],[-73.92978,40.59286],[-73.93003,40.59413],[-73.93243,40.59524],[-73.93301,40.59464],[-73.957,40.592]]]}},{"type":"Feature","id":"11222","properties":{"z":"11222"},"geometry":{"type":"Polygon","coordinates":[[[-73.95568,40.72394],[-73.95757,40.7251],[-73.95772,40.7243],[-73.96161,40.72495],[-73.96157,40.73006],[-73.96255,40.73354],[-73.96279,40.73767],[-73.96119,40.73709],[-73.95408,40.73945],[-73.94706,40.73752],[-73.94236,40.73556],[-73.93992,40.73192],[-73.93734,40.72992],[-73.92922,40.72785],[-73.92814,40.72506],[-73.93559,40.72299],[-73.93504,40.72167],[-73.9365,40.72125],[-73.93529,40.71852],[-73.93695,40.7181],[-73.93731,40.71893],[-73.94038,40.71809],[-73.94059,40.71921],[-73.95006,40.7183],[-73.95065,40.72171],[-73.95165,40.72349],[-73.95475,40.7206],[-73.95604,40.7214],[-73.95478,40.72246],[-73.95627,40.72339],[-73.95568,40.72394]],[[-73.95568,40.72394],[-73.95451,40.72322],[-73.95514,40.72433],[-73.95568,40.72394]]]}},{"type":"Feature","id":"11212","properties":{"z":"11212"},"geometry":{"type":"Polygon","coordinates":[[[-73.92726,40.65934],[-73.93156,40.66276],[-73.93161,40.66356],[-73.91838,40.669],[-73.91997,40.66948],[-73.91711,40.66982],[-73.91696,40.67071],[-73.91487,40.67053],[-73.91404,40.6709],[-73.91417,40.67146],[-73.91309,40.67131],[-73.90348,40.67551],[-73.90042,40.66381],[-73.90145,40.66366],[-73.90066,40.66059],[-73.89965,40.66074],[-73.89904,40.65737],[-73.9003,40.65726],[-73.90317,40.6553],[-73.91068,40.65418],[-73.91758,40.65431],[-73.91847,40.65375],[-73.921,40.65492],[-73.92178,40.65442],[-73.9233,40.6558],[-73.92401,40.65575],[-73.92408,40.65648],[-73.92641,40.65859],[-73.9272,40.65854],[-73.92726,40.65934]]]}},{"type":"Feature","id":"11207","properties":{"z":"11207"},"geometry":{"type":"Polygon","coordinates":[[[-73.89137,40.65237],[-73.89339,40.65093],[-73.89557,40.65308],[-73.898,40.6538],[-73.89965,40.66074],[-73.90066,40.66059],[-73.90145,40.66366],[-73.90042,40.66381],[-73.90348,40.67551],[-73.90268,40.67579],[-73.90346,40.67602],[-73.90336,40.67711],[-73.90426,40.67716],[-73.90469,40.67794],[-73.90332,40.67787],[-73.90347,40.6789],[-73.91007,40.68268],[-73.91166,40.68245],[-73.91151,40.6835],[-73.91605,40.68607],[-73.90885,40.6934],[-73.9036,40.69041],[-73.90213,40.69184],[-73.90124,40.69144],[-73.9018,40.69073],[-73.90033,40.68787],[-73.90099,40.68762],[-73.8965,40.68245],[-73.89403,40.68514],[-73.89252,40.68342],[-73.89008,40.68471],[-73.88819,40.68256],[-73.8865,40.68335],[-73.88454,40.67489],[-73.88535,40.67477],[-73.88503,40.6735],[-73.88421,40.67362],[-73.88278,40.66803],[-73.8836,40.6679],[-73.8832,40.66638],[-73.88251,40.66647],[-73.87883,40.66154],[-73.87968,40.66117],[-73.87859,40.6597],[-73.87773,40.66005],[-73.87671,40.65871],[-73.87751,40.65837],[-73.87611,40.65713],[-73.87973,40.65556],[-73.8762,40.6507],[-73.87844,40.64933],[-73.88221,40.6545],[-73.88999,40.65114],[-73.89137,40.65237]]]}},{"type":"Feature","id":"11237","properties":{"z":"11237"},"geometry":{"type":"Polygon","coordinates":[[[-73.93154,40.71421],[-73.92373,40.71625],[-73.92436,40.71557],[-73.92392,40.71407],[-73.92212,40.71293],[-73.92073,40.71046],[-73.92168,40.70947],[-73.92147,40.709],[-73.91206,40.70345],[-73.91272,40.70236],[-73.91058,40.701],[-73.91165,40.69991],[-73.90479,40.69599],[-73.90443,40.69567],[-73.90585,40.69407],[-73.90213,40.69184],[-73.9036,40.69041],[-73.91186,40.69512],[-73.9103,40.6967],[-73.91181,40.69755],[-73.91336,40.69597],[-73.91637,40.69768],[-73.91782,40.69621],[-73.93116,40.70377],[-73.9348,40.71337],[-73.93154,40.71421]]]}},{"type":"Feature","id":"11228","properties":{"z":"11228"},"geometry":{"type":"Polygon","coordinates":[[[-74.02667,40.61299],[-74.02656,40.61257],[-74.02755,40.61292],[-74.02573,40.61605],[-74.02009,40.62242],[-74.01971,40.62219],[-74.01605,40.63103],[-74.01285,40.62866],[-74.01214,40.62868],[-74.0061,40.62503],[-74.00668,40.62447],[-74.00448,40.62315],[-74.00389,40.6237],[-73.99729,40.61971],[-74.00731,40.61008],[-74.00805,40.61052],[-74.00982,40.60883],[-74.00908,40.60838],[-74.01417,40.60399],[-74.01391,40.6035],[-74.01478,40.60201],[-74.01877,40.60233],[-74.01945,40.60283],[-74.0155,40.60684],[-74.01702,40.60766],[-74.01822,40.60689],[-74.01986,40.60709],[-74.02469,40.60996],[-74.02279,40.6146],[-74.02527,40.61552],[-74.02667,40.61299]]]}},{"type":"Feature","id":"11021","properties":{"z":"11021"},"geometry":{"type":"MultiPolygon","coordinates":[[[[-73.70728,40.78543],[-73.70574,40.78604],[-73.70603,40.7878],[-73.70542,40.78726],[-73.70441,40.78382],[-73.70696,40.78373],[-73.70728,40.78543]]],[[[-73.70728,40.78543],[-73.71074,40.78483],[-73.71594,40.78229],[-73.71458,40.78046],[-73.71582,40.78037],[-73.71682,40.7819],[-73.72113,40.78002],[-73.72057,40.77934],[-73.72615,40.77674],[-73.72673,40.77744],[-73.72802,40.77685],[-73.73241,40.77428],[-73.73376,40.77247],[-73.74676,40.78038],[-73.7459,40.7789],[-73.74683,40.779],[-73.74957,40.7819],[-73.74928,40.786],[-73.74798,40.7877],[-73.74306,40.79073],[-73.74457,40.79236],[-73.74532,40.79462],[-73.74173,40.79567],[-73.73812,40.79379],[-73.73642,40.7948],[-73.73571,40.79706],[-73.73452,40.79728],[-73.73408,40.79526],[-73.7331,40.79526],[-73.73301,40.79469],[-73.73382,40.7946],[-73.73307,40.79334],[-73.73174,40.79451],[-73.73056,40.79454],[-73.73034,40.79377],[-73.72941,40.79407],[-73.72946,40.795],[-73.72465,40.79568],[-73.72442,40.7945],[-73.72188,40.7948],[-73.72213,40.79394],[-73.71959,40.79426],[-73.71993,40.79778],[-73.7185,40.79914],[-73.71392,40.79923],[-73.71179,40.7926],[-73.70786,40.78942],[-73.70645,40.78687],[-73.70639,40.78617],[-73.70797,40.78603],[-73.70728,40.78543]]]]}},{"type":"Feature","id":"10013","properties":{"z":"10013"},"geometry":{"type":"Polygon","coordinates":[[[-74.00924,40.71552],[-74.01289,40.71719],[-74.01244,40.71906],[-74.01305,40.71909],[-74.01291,40.71972],[-74.01638,40.72045],[-74.01278,40.72031],[-74.01267,40.72086],[-74.01622,40.72127],[-74.01615,40.72163],[-74.01254,40.7215],[-74.01198,40.72433],[-74.01138,40.72428],[-74.011,40.7261],[-74.00992,40.72599],[-74.00962,40.72756],[-74.00554,40.72716],[-74.00566,40.72644],[-74.00373,40.72625],[-74.00438,40.72405],[-73.99526,40.71987],[-73.99497,40.72063],[-73.99403,40.72032],[-73.9968,40.71504],[-73.99854,40.71345],[-73.99956,40.71393],[-73.99959,40.71445],[-74.00046,40.71437],[-74.00625,40.71708],[-74.00794,40.71493],[-74.00924,40.71552]]]}},{"type":"Feature","id":"10029","properties":{"z":"10029"},"geometry":{"type":"Polygon","coordinates":[[[-73.94485,40.79999],[-73.93541,40.796],[-73.93491,40.79668],[-73.93266,40.79573],[-73.93316,40.79505],[-73.93089,40.79404],[-73.9355,40.79111],[-73.93901,40.78575],[-73.94315,40.78253],[-73.94472,40.78325],[-73.94422,40.78393],[-73.94659,40.78494],[-73.95043,40.78654],[-73.95093,40.78587],[-73.95578,40.78791],[-73.94646,40.80067],[-73.94485,40.79999]]]}},{"type":"Feature","id":"10021","properties":{"z":"10021"},"geometry":{"type":"MultiPolygon","coordinates":[[[[-73.95816,40.75964],[-73.95613,40.7604],[-73.9586,40.75813],[-73.95972,40.75866],[-73.95881,40.75991],[-73.95816,40.75964]]],[[[-73.95601,40.77202],[-73.95365,40.77102],[-73.95411,40.77039],[-73.94927,40.76835],[-73.94797,40.76951],[-73.95153,40.76501],[-73.95351,40.76343],[-73.95562,40.76429],[-73.95516,40.76492],[-73.9614,40.76755],[-73.96188,40.76694],[-73.96247,40.76718],[-73.96408,40.76786],[-73.96362,40.76849],[-73.96844,40.77052],[-73.96515,40.77504],[-73.96194,40.77369],[-73.96147,40.77432],[-73.95986,40.77364],[-73.96032,40.77301],[-73.95872,40.77233],[-73.95825,40.77296],[-73.95601,40.77202]]]]}},{"type":"Feature","id":"10014","properties":{"z":"10014"},"geometry":{"type":"Polygon","coordinates":[[[-74.00345,40.73876],[-74.0024,40.73876],[-73.99956,40.73361],[-74.00214,40.7298],[-74.00312,40.72688],[-74.00373,40.72625],[-74.00566,40.72644],[-74.00554,40.72716],[-74.00962,40.72756],[-74.00992,40.72599],[-74.011,40.7261],[-74.01138,40.72428],[-74.01599,40.72477],[-74.01573,40.72542],[-74.01182,40.72508],[-74.01165,40.72591],[-74.01541,40.72636],[-74.01533,40.72678],[-74.01157,40.72644],[-74.01138,40.72823],[-74.01489,40.7285],[-74.01436,40.72861],[-74.01407,40.73069],[-74.01116,40.73044],[-74.01109,40.73126],[-74.0142,40.7315],[-74.01108,40.73145],[-74.01093,40.73302],[-74.01401,40.73333],[-74.0109,40.7333],[-74.01084,40.734],[-74.0136,40.73441],[-74.01083,40.73428],[-74.01076,40.73492],[-74.01348,40.73537],[-74.01072,40.73534],[-74.01066,40.73602],[-74.01302,40.73645],[-74.01063,40.73633],[-74.01048,40.73807],[-74.01126,40.7384],[-74.01046,40.73837],[-74.01039,40.73914],[-74.01166,40.73922],[-74.01146,40.74082],[-74.00966,40.74074],[-74.00958,40.74121],[-74.01253,40.74151],[-74.00953,40.74149],[-74.00937,40.7423],[-74.01227,40.74287],[-74.00821,40.74214],[-74.00771,40.74283],[-74.00486,40.74164],[-74.00537,40.74095],[-74.00464,40.74113],[-74.00273,40.74029],[-74.00252,40.73975],[-74.00345,40.73876]]]}},{"type":"Feature","id":"10006","properties":{"z":"10006"},"geometry":{"type":"Polygon","coordinates":[[[-74.01502,40.70628],[-74.01591,40.70666],[-74.01375,40.71369],[-74.01015,40.71206],[-74.01123,40.71037],[-74.00999,40.70981],[-74.01325,40.70587],[-74.01502,40.70628]]]}},{"type":"Feature","id":"10020","properties":{"z":"10020"},"geometry":{"type":"MultiPolygon","coordinates":[[[[-73.98043,40.7599],[-73.97997,40.76053],[-73.97799,40.75969],[-73.97845,40.75906],[-73.98043,40.7599]]],[[[-73.98089,40.75927],[-73.98373,40.76046],[-73.98326,40.76109],[-73.98043,40.7599],[-73.98089,40.75927]]],[[[-73.98089,40.75927],[-73.97891,40.75844],[-73.97845,40.75906],[-73.9772,40.75854],[-73.97812,40.75728],[-73.98134,40.75865],[-73.98089,40.75927]]]]}},{"type":"Feature","id":"10278","properties":{"z":"10278"},"geometry":{"type":"Polygon","coordinates":[[[-74.0034,40.71415],[-74.00542,40.71524],[-74.00453,40.71628],[-74.00212,40.71516],[-74.0034,40.71415]]]}},{"type":"Feature","id":"10280","properties":{"z":"10280"},"geometry":{"type":"Polygon","coordinates":[[[-74.01736,40.7043],[-74.0183,40.70443],[-74.01726,40.70479],[-74.01924,40.70468],[-74.01955,40.70655],[-74.01859,40.7122],[-74.01687,40.71193],[-74.01651,40.71322],[-74.01737,40.71338],[-74.0162,40.71477],[-74.01375,40.71369],[-74.01607,40.7063],[-74.01757,40.70684],[-74.01793,40.70618],[-74.01762,40.70529],[-74.01654,40.70473],[-74.01553,40.70027],[-74.01805,40.70318],[-74.01736,40.7043]]]}},{"type":"Feature","id":"10172","properties":{"z":"10172"},"geometry":{"type":"Polygon","coordinates":[[[-73.97374,40.75462],[-73.97535,40.7553],[-73.9749,40.75593],[-73.97328,40.75524],[-73.97374,40.75462]]]}},{"type":"Feature","id":"10103","properties":{"z":"10103"},"geometry":{"type":"Polygon","coordinates":[[[-73.97583,40.76042],[-73.97629,40.75979],[-73.97951,40.76115],[-73.97906,40.76177],[-73.97583,40.76042]]]}},{"type":"Feature","id":"10110","properties":{"z":"10110"},"geometry":{"type":"Polygon","coordinates":[[[-73.98089,40.75348],[-73.98412,40.75484],[-73.98362,40.75552],[-73.9804,40.75415],[-73.98089,40.75348]]]}},{"type":"Feature","id":"11429","properties":{"z":"11429"},"geometry":{"type":"Polygon","coordinates":[[[-73.74413,40.70274],[-73.74864,40.70159],[-73.75121,40.70731],[-73.75212,40.70711],[-73.75274,40.70861],[-73.75184,40.70882],[-73.75246,40.71032],[-73.75336,40.7101],[-73.75408,40.71184],[-73.75318,40.71205],[-73.75371,40.71332],[-73.73538,40.71771],[-73.7353,40.7185],[-73.73257,40.72031],[-73.72966,40.72048],[-73.72594,40.70603],[-73.72778,40.70617],[-73.72771,40.70157],[-73.73239,40.7017],[-73.73235,40.70242],[-73.7382,40.7026],[-73.73823,40.70188],[-73.74114,40.70181],[-73.74309,40.7024],[-73.74331,40.70296],[-73.74413,40.70274]]]}},{"type":"Feature","id":"11362","properties":{"z":"11362"},"geometry":{"type":"Polygon","coordinates":[[[-73.73029,40.77038],[-73.71303,40.75957],[-73.71721,40.75928],[-73.72018,40.75782],[-73.72292,40.7541],[-73.72796,40.75003],[-73.72907,40.74739],[-73.73104,40.74477],[-73.74002,40.73871],[-73.74307,40.73844],[-73.74406,40.74074],[-73.74997,40.73975],[-73.75139,40.74019],[-73.75347,40.7424],[-73.74888,40.74329],[-73.74485,40.74332],[-73.74612,40.74654],[-73.74397,40.74763],[-73.74415,40.74822],[-73.74584,40.75153],[-73.74712,40.75238],[-73.74771,40.754],[-73.74711,40.75417],[-73.75005,40.75841],[-73.75066,40.75811],[-73.75116,40.75907],[-73.7523,40.75946],[-73.75318,40.75823],[-73.75509,40.75849],[-73.75589,40.75784],[-73.75724,40.76016],[-73.758,40.76038],[-73.75848,40.76199],[-73.75823,40.7633],[-73.75886,40.76328],[-73.75924,40.7644],[-73.75316,40.76537],[-73.75072,40.76651],[-73.74873,40.76403],[-73.74126,40.76571],[-73.7392,40.7667],[-73.73754,40.7684],[-73.73866,40.77005],[-73.73695,40.76891],[-73.73549,40.77067],[-73.73643,40.77071],[-73.73567,40.77173],[-73.73483,40.77145],[-73.73376,40.77247],[-73.73029,40.77038]]]}},{"type":"Feature","id":"11368","properties":{"z":"11368"},"geometry":{"type":"Polygon","coordinates":[[[-73.85951,40.75788],[-73.85889,40.7579],[-73.85921,40.76004],[-73.85816,40.75962],[-73.85775,40.75803],[-73.85441,40.75807],[-73.85581,40.75962],[-73.85938,40.76143],[-73.86088,40.76321],[-73.86027,40.76344],[-73.85889,40.76211],[-73.85514,40.76041],[-73.8504,40.75959],[-73.84617,40.76143],[-73.84298,40.76384],[-73.8426,40.76467],[-73.84065,40.76556],[-73.83917,40.76536],[-73.83733,40.76268],[-73.83869,40.75696],[-73.838,40.75444],[-73.83701,40.75403],[-73.83554,40.75141],[-73.8323,40.75194],[-73.833,40.74783],[-73.83469,40.7469],[-73.8359,40.74333],[-73.84748,40.73906],[-73.84824,40.73929],[-73.85205,40.73768],[-73.85183,40.73726],[-73.86462,40.73427],[-73.86583,40.73664],[-73.86493,40.73689],[-73.86555,40.73843],[-73.86648,40.73821],[-73.86756,40.74094],[-73.86749,40.7433],[-73.86826,40.74631],[-73.86868,40.74619],[-73.87002,40.74847],[-73.86919,40.74876],[-73.87207,40.75386],[-73.87168,40.75396],[-73.87222,40.75694],[-73.85951,40.75788]]]}},{"type":"Feature","id":"11412","properties":{"z":"11412"},"geometry":{"type":"Polygon","coordinates":[[[-73.76141,40.70816],[-73.75246,40.71032],[-73.75184,40.70882],[-73.75274,40.70861],[-73.75212,40.70711],[-73.75121,40.70731],[-73.74528,40.69411],[-73.74973,40.68783],[-73.75038,40.68883],[-73.76201,40.68455],[-73.7662,40.69218],[-73.76539,40.69206],[-73.76521,40.69279],[-73.77212,40.6987],[-73.77556,40.70513],[-73.76725,40.70631],[-73.76141,40.70816]]]}},{"type":"Feature","id":"11414","properties":{"z":"11414"},"geometry":{"type":"Polygon","coordinates":[[[-73.85566,40.6638],[-73.85763,40.67166],[-73.86039,40.67127],[-73.86132,40.67502],[-73.83291,40.66665],[-73.83322,40.66609],[-73.82849,40.65725],[-73.82641,40.64826],[-73.82885,40.64946],[-73.83047,40.65109],[-73.83129,40.65344],[-73.83218,40.65336],[-73.83096,40.64824],[-73.8354,40.64833],[-73.83654,40.6527],[-73.83763,40.65251],[-73.83592,40.6455],[-73.8397,40.64516],[-73.84,40.64414],[-73.84089,40.64497],[-73.84951,40.64413],[-73.85183,40.64586],[-73.8519,40.64762],[-73.8492,40.65102],[-73.84929,40.65152],[-73.85234,40.65042],[-73.85413,40.65048],[-73.85478,40.65105],[-73.85621,40.65075],[-73.85665,40.65013],[-73.86317,40.65828],[-73.85748,40.65998],[-73.85836,40.66324],[-73.85566,40.6638]]]}},{"type":"Feature","id":"11413","properties":{"z":"11413"},"geometry":{"type":"Polygon","coordinates":[[[-73.73396,40.68564],[-73.73222,40.68512],[-73.734,40.68043],[-73.73794,40.67325],[-73.73879,40.67355],[-73.73984,40.67187],[-73.739,40.67156],[-73.74004,40.66987],[-73.74089,40.67018],[-73.74195,40.6685],[-73.7411,40.66819],[-73.74193,40.66685],[-73.73858,40.66638],[-73.74496,40.65817],[-73.74506,40.65741],[-73.74704,40.65751],[-73.74914,40.65494],[-73.74928,40.65255],[-73.74821,40.65196],[-73.74852,40.65129],[-73.74703,40.65175],[-73.746,40.65045],[-73.74644,40.64805],[-73.74617,40.64486],[-73.76735,40.65616],[-73.76582,40.6563],[-73.76612,40.65855],[-73.76767,40.65842],[-73.76796,40.66035],[-73.76616,40.66009],[-73.76353,40.66629],[-73.76529,40.66679],[-73.76271,40.66699],[-73.76376,40.6671],[-73.76261,40.6708],[-73.76293,40.67181],[-73.76225,40.67194],[-73.76405,40.67285],[-73.76368,40.67475],[-73.76249,40.67419],[-73.75797,40.6761],[-73.75983,40.67897],[-73.75805,40.67922],[-73.76201,40.68455],[-73.75038,40.68883],[-73.74973,40.68783],[-73.74812,40.69013],[-73.74723,40.68926],[-73.73396,40.68564]]]}},{"type":"Feature","id":"11416","properties":{"z":"11416"},"geometry":{"type":"Polygon","coordinates":[[[-73.8352,40.68527],[-73.84787,40.68149],[-73.84863,40.68168],[-73.84844,40.68129],[-73.85015,40.68081],[-73.85048,40.68148],[-73.85132,40.68124],[-73.85099,40.68057],[-73.85268,40.68008],[-73.85301,40.68076],[-73.8547,40.68028],[-73.85439,40.67966],[-73.86328,40.67907],[-73.8641,40.68237],[-73.86603,40.68192],[-73.86629,40.68319],[-73.83754,40.69136],[-73.83509,40.68702],[-73.8352,40.68527]]]}},{"type":"Feature","id":"10314","properties":{"z":"10314"},"geometry":{"type":"Polygon","coordinates":[[[-74.15734,40.57784],[-74.16984,40.57088],[-74.16961,40.56644],[-74.1747,40.56686],[-74.17672,40.5699],[-74.17888,40.57177],[-74.18377,40.57361],[-74.18688,40.57706],[-74.19305,40.57632],[-74.19796,40.57841],[-74.19355,40.5663],[-74.19381,40.56592],[-74.19938,40.56041],[-74.19991,40.56085],[-74.20166,40.55958],[-74.20639,40.5581],[-74.21199,40.55763],[-74.213,40.55833],[-74.21117,40.56089],[-74.21171,40.56273],[-74.21134,40.56512],[-74.2077,40.57337],[-74.20553,40.5815],[-74.20503,40.58172],[-74.20364,40.58532],[-74.20438,40.58841],[-74.20406,40.58963],[-74.19739,40.59688],[-74.19744,40.59846],[-74.19702,40.59876],[-74.19704,40.59998],[-74.19879,40.60089],[-74.20015,40.60368],[-74.20263,40.60586],[-74.20236,40.61315],[-74.20077,40.61423],[-74.20038,40.61643],[-74.20129,40.61905],[-74.20167,40.6236],[-74.20115,40.62935],[-74.20051,40.63147],[-74.19934,40.63289],[-74.19748,40.63279],[-74.19652,40.63336],[-74.19679,40.63453],[-74.19599,40.63517],[-74.19245,40.63343],[-74.1958,40.63153],[-74.19729,40.63231],[-74.19497,40.63096],[-74.19244,40.63082],[-74.19279,40.63014],[-74.19232,40.6304],[-74.19191,40.62853],[-74.19059,40.62874],[-74.18929,40.63066],[-74.18842,40.62908],[-74.1863,40.6291],[-74.18482,40.62751],[-74.18378,40.62831],[-74.17911,40.62588],[-74.17855,40.62466],[-74.17767,40.62507],[-74.17633,40.62378],[-74.17745,40.6184],[-74.18031,40.61218],[-74.17948,40.61204],[-74.176,40.61803],[-74.17336,40.61998],[-74.16919,40.62055],[-74.16872,40.62121],[-74.16335,40.61929],[-74.16535,40.62023],[-74.16499,40.62162],[-74.16257,40.62167],[-74.16246,40.62218],[-74.15154,40.6212],[-74.14948,40.62291],[-74.14877,40.6251],[-74.14612,40.62493],[-74.14781,40.62203],[-74.15194,40.61753],[-74.14793,40.62134],[-74.14661,40.62029],[-74.14468,40.6199],[-74.14529,40.61855],[-74.14689,40.61854],[-74.14732,40.61707],[-74.14162,40.61652],[-74.14121,40.61805],[-74.14165,40.61811],[-74.14135,40.61977],[-74.14191,40.61987],[-74.14168,40.62163],[-74.13666,40.62151],[-74.13639,40.62347],[-74.13401,40.62214],[-74.13317,40.62207],[-74.13226,40.62278],[-74.13191,40.62165],[-74.13041,40.62177],[-74.13061,40.62349],[-74.12629,40.62384],[-74.12616,40.6229],[-74.12487,40.623],[-74.1247,40.62368],[-74.12204,40.62418],[-74.12147,40.62287],[-74.11967,40.62174],[-74.11794,40.61785],[-74.1147,40.61807],[-74.11415,40.61374],[-74.11338,40.6138],[-74.11291,40.6127],[-74.11388,40.61163],[-74.112,40.61142],[-74.10998,40.61046],[-74.10954,40.6096],[-74.11066,40.60593],[-74.11311,40.60425],[-74.11387,40.60258],[-74.11684,40.60189],[-74.11664,40.59906],[-74.11782,40.59903],[-74.11782,40.59839],[-74.11943,40.59836],[-74.11958,40.60182],[-74.1206,40.60181],[-74.12077,40.60067],[-74.12264,40.59942],[-74.12628,40.59345],[-74.12638,40.59072],[-74.12782,40.58944],[-74.12778,40.58745],[-74.1291,40.58629],[-74.12942,40.58368],[-74.1304,40.58276],[-74.13317,40.58397],[-74.13375,40.58614],[-74.13867,40.58902],[-74.14583,40.58856],[-74.14632,40.58607],[-74.15253,40.58062],[-74.15734,40.57784]],[[-74.17918,40.60787],[-74.18246,40.60421],[-74.18041,40.60293],[-74.17655,40.60586],[-74.17918,40.60787]]]}},{"type":"Feature","id":"10803","properties":{"z":"10803"},"geometry":{"type":"Polygon","coordinates":[[[-73.80441,40.92415],[-73.80411,40.92096],[-73.79894,40.89953],[-73.79858,40.8955],[-73.79474,40.89157],[-73.79323,40.89302],[-73.7922,40.89217],[-73.79193,40.8907],[-73.79314,40.88985],[-73.7883,40.88509],[-73.78977,40.88329],[-73.79227,40.88443],[-73.79294,40.88341],[-73.82324,40.8912],[-73.82122,40.89504],[-73.81814,40.89683],[-73.81733,40.89917],[-73.81754,40.90013],[-73.81531,40.9024],[-73.81403,40.90513],[-73.81372,40.9079],[-73.81453,40.91027],[-73.81373,40.91056],[-73.81336,40.91438],[-73.81203,40.91473],[-73.81101,40.91689],[-73.81122,40.91873],[-73.80936,40.9221],[-73.80929,40.92398],[-73.8079,40.92549],[-73.80558,40.9255],[-73.80502,40.92613],[-73.80441,40.92415]]]}},{"type":"Feature","id":"10467","properties":{"z":"10467"},"geometry":{"type":"Polygon","coordinates":[[[-73.88486,40.87855],[-73.88532,40.87918],[-73.88566,40.87889],[-73.88701,40.88247],[-73.88707,40.8844],[-73.89571,40.88578],[-73.89457,40.88603],[-73.89521,40.88658],[-73.88761,40.88949],[-73.88521,40.89483],[-73.88472,40.89818],[-73.88633,40.90015],[-73.88661,40.90687],[-73.88612,40.90802],[-73.87819,40.90598],[-73.87941,40.89843],[-73.88029,40.89655],[-73.8804,40.89283],[-73.87783,40.8868],[-73.87761,40.88452],[-73.87813,40.88215],[-73.87467,40.88156],[-73.87495,40.87995],[-73.87092,40.88026],[-73.86807,40.88622],[-73.86756,40.88838],[-73.86356,40.89538],[-73.86136,40.89466],[-73.86538,40.88688],[-73.85569,40.88421],[-73.86114,40.87448],[-73.86143,40.8696],[-73.86245,40.86962],[-73.86248,40.8687],[-73.8615,40.86778],[-73.86156,40.86555],[-73.8621,40.86554],[-73.86212,40.86366],[-73.86164,40.86311],[-73.86179,40.85798],[-73.87107,40.85733],[-73.87046,40.86327],[-73.87031,40.87534],[-73.86943,40.87813],[-73.87094,40.87851],[-73.87255,40.87517],[-73.87528,40.8716],[-73.87986,40.86827],[-73.88175,40.87235],[-73.88247,40.87213],[-73.8834,40.87395],[-73.88342,40.87574],[-73.88486,40.87855]]]}},{"type":"Feature","id":"10458","properties":{"z":"10458"},"geometry":{"type":"Polygon","coordinates":[[[-73.88344,40.87479],[-73.88247,40.87213],[-73.88175,40.87235],[-73.87974,40.86806],[-73.87911,40.86803],[-73.88401,40.86495],[-73.88061,40.86049],[-73.88088,40.85751],[-73.87742,40.85538],[-73.88079,40.85708],[-73.88167,40.85335],[-73.88273,40.85365],[-73.88382,40.8515],[-73.88554,40.852],[-73.88595,40.85118],[-73.88803,40.851],[-73.88723,40.85249],[-73.88961,40.85324],[-73.89039,40.85469],[-73.8909,40.85412],[-73.89558,40.85625],[-73.89601,40.8556],[-73.89995,40.85742],[-73.89707,40.86253],[-73.89174,40.86951],[-73.88738,40.87272],[-73.88486,40.87855],[-73.88342,40.87574],[-73.88344,40.87479]]]}},{"type":"Feature","id":"10472","properties":{"z":"10472"},"geometry":{"type":"Polygon","coordinates":[[[-73.87925,40.83442],[-73.87694,40.83614],[-73.86903,40.83549],[-73.86284,40.83369],[-73.86272,40.83302],[-73.86085,40.83361],[-73.84563,40.82836],[-73.88457,40.82316],[-73.88397,40.82972],[-73.87998,40.83468],[-73.87925,40.83442]]]}},{"type":"Feature","id":"11204","properties":{"z":"11204"},"geometry":{"type":"Polygon","coordinates":[[[-73.99671,40.62027],[-73.98143,40.63495],[-73.97877,40.63367],[-73.97852,40.6323],[-73.97956,40.63291],[-73.98014,40.63235],[-73.97831,40.63128],[-73.97816,40.63028],[-73.97725,40.63052],[-73.97962,40.6293],[-73.97658,40.62757],[-73.9758,40.62359],[-73.97683,40.62348],[-73.97625,40.62308],[-73.9758,40.62087],[-73.97725,40.62134],[-73.9753,40.62091],[-73.97299,40.60881],[-73.98842,40.60712],[-73.98754,40.6082],[-73.99162,40.61021],[-73.99177,40.61085],[-73.99239,40.61024],[-73.9946,40.61157],[-73.99397,40.61217],[-74.00082,40.61631],[-73.99671,40.62027]]]}},{"type":"Feature","id":"11216","properties":{"z":"11216"},"geometry":{"type":"Polygon","coordinates":[[[-73.95415,40.67896],[-73.95529,40.6792],[-73.95713,40.68846],[-73.95157,40.68949],[-73.95181,40.6916],[-73.94579,40.69277],[-73.94535,40.69057],[-73.94818,40.69024],[-73.94789,40.68878],[-73.94506,40.6891],[-73.94396,40.6836],[-73.93822,40.68389],[-73.9374,40.67973],[-73.94121,40.67994],[-73.94189,40.67605],[-73.94457,40.6758],[-73.94479,40.67624],[-73.94709,40.67656],[-73.94773,40.66971],[-73.95797,40.67066],[-73.95766,40.67154],[-73.95679,40.67136],[-73.95648,40.67224],[-73.95734,40.67241],[-73.9552,40.67834],[-73.95281,40.67784],[-73.95299,40.67872],[-73.95415,40.67896]]]}},{"type":"Feature","id":"11219","properties":{"z":"11219"},"geometry":{"type":"Polygon","coordinates":[[[-73.98978,40.64364],[-73.99193,40.6422],[-73.98745,40.6395],[-73.98804,40.63895],[-73.98584,40.63762],[-73.98525,40.63817],[-73.98118,40.6352],[-73.99729,40.61971],[-74.00389,40.6237],[-74.00448,40.62315],[-74.00668,40.62447],[-74.0061,40.62503],[-74.0127,40.62902],[-74.00854,40.63303],[-74.00702,40.63211],[-74.00631,40.63258],[-74.00796,40.63358],[-74.00384,40.63755],[-74.00124,40.63598],[-74.00052,40.63646],[-74.00325,40.6381],[-73.99398,40.6471],[-73.98906,40.64412],[-73.98978,40.64364]]]}},{"type":"Feature","id":"11208","properties":{"z":"11208"},"geometry":{"type":"Polygon","coordinates":[[[-73.86328,40.67907],[-73.86235,40.67916],[-73.86039,40.67127],[-73.85763,40.67166],[-73.85566,40.6638],[-73.85836,40.66324],[-73.85748,40.65998],[-73.86317,40.65828],[-73.85665,40.65013],[-73.85777,40.64938],[-73.85832,40.64519],[-73.86358,40.64425],[-73.86417,40.64654],[-73.86512,40.6478],[-73.86493,40.64845],[-73.86661,40.64926],[-73.86501,40.64572],[-73.86538,40.64507],[-73.86968,40.64459],[-73.87107,40.64548],[-73.87243,40.64535],[-73.87353,40.647],[-73.87505,40.64517],[-73.87844,40.64933],[-73.8762,40.6507],[-73.87973,40.65556],[-73.87611,40.65713],[-73.87751,40.65837],[-73.87671,40.65871],[-73.87773,40.66005],[-73.87859,40.6597],[-73.87968,40.66117],[-73.87883,40.66154],[-73.88251,40.66647],[-73.8832,40.66638],[-73.8836,40.6679],[-73.88278,40.66803],[-73.88421,40.67362],[-73.88503,40.6735],[-73.88535,40.67477],[-73.88454,40.67489],[-73.8865,40.68335],[-73.88819,40.68256],[-73.88957,40.68418],[-73.88762,40.686],[-73.88378,40.68786],[-73.87946,40.69123],[-73.87402,40.69419],[-73.86892,40.69515],[-73.86603,40.68192],[-73.8641,40.68237],[-73.86328,40.67907]],[[-73.87427,40.65974],[-73.87509,40.65939],[-73.87407,40.65801],[-73.87325,40.65836],[-73.87427,40.65974]],[[-73.8679,40.65668],[-73.87555,40.65256],[-73.87457,40.6504],[-73.87354,40.64981],[-73.87204,40.64989],[-73.86687,40.65317],[-73.86763,40.65442],[-73.8679,40.65668]]]}},{"type":"Feature","id":"11233","properties":{"z":"11233"},"geometry":{"type":"Polygon","coordinates":[[[-73.90346,40.67602],[-73.90268,40.67579],[-73.91309,40.67131],[-73.91417,40.67146],[-73.91404,40.6709],[-73.91487,40.67053],[-73.91696,40.67071],[-73.91711,40.66982],[-73.91997,40.66948],[-73.91838,40.669],[-73.92424,40.66645],[-73.9256,40.6685],[-73.925,40.67474],[-73.92776,40.67489],[-73.92769,40.67566],[-73.93046,40.67582],[-73.9302,40.67803],[-73.92906,40.67928],[-73.9374,40.67973],[-73.93822,40.68389],[-73.93789,40.68433],[-73.93238,40.68456],[-73.9272,40.68559],[-73.92703,40.68518],[-73.92367,40.68596],[-73.92349,40.68558],[-73.9205,40.68593],[-73.91806,40.68661],[-73.91805,40.68721],[-73.91151,40.6835],[-73.91166,40.68245],[-73.91007,40.68268],[-73.90347,40.6789],[-73.90332,40.67787],[-73.90469,40.67794],[-73.90426,40.67716],[-73.90336,40.67711],[-73.90346,40.67602]]]}},{"type":"Feature","id":"11217","properties":{"z":"11217"},"geometry":{"type":"Polygon","coordinates":[[[-73.98026,40.68864],[-73.98043,40.6899],[-73.97313,40.68962],[-73.97269,40.68742],[-73.97365,40.6873],[-73.97337,40.68588],[-73.97227,40.68544],[-73.97206,40.68426],[-73.97303,40.68415],[-73.97277,40.68286],[-73.97064,40.68241],[-73.97244,40.67716],[-73.97105,40.67524],[-73.97146,40.6738],[-73.97075,40.67264],[-73.98304,40.67742],[-73.98261,40.67805],[-73.985,40.67898],[-73.98786,40.68003],[-73.98856,40.67956],[-73.98808,40.68017],[-73.98913,40.68058],[-73.9887,40.68122],[-73.99087,40.68206],[-73.98657,40.68841],[-73.9844,40.68756],[-73.98357,40.68879],[-73.98271,40.68846],[-73.9821,40.68936],[-73.98026,40.68864]]]}},{"type":"Feature","id":"11225","properties":{"z":"11225"},"geometry":{"type":"Polygon","coordinates":[[[-73.96134,40.67135],[-73.95527,40.67012],[-73.94773,40.66971],[-73.94807,40.66614],[-73.94253,40.66584],[-73.9427,40.66405],[-73.94216,40.6635],[-73.93998,40.66345],[-73.94003,40.66302],[-73.94283,40.66285],[-73.94261,40.66061],[-73.94768,40.6603],[-73.94726,40.65644],[-73.95305,40.65608],[-73.95309,40.65651],[-73.95986,40.65563],[-73.96014,40.65676],[-73.96091,40.65616],[-73.9607,40.65534],[-73.9619,40.65487],[-73.96318,40.65568],[-73.96286,40.65727],[-73.96502,40.66217],[-73.96432,40.66211],[-73.96398,40.66318],[-73.96289,40.6638],[-73.96243,40.66313],[-73.96096,40.66329],[-73.96262,40.67163],[-73.96134,40.67135]]]}},{"type":"Feature","id":"10035","properties":{"z":"10035"},"geometry":{"type":"MultiPolygon","coordinates":[[[[-73.9446,40.80323],[-73.94613,40.80388],[-73.94524,40.80514],[-73.9443,40.80639],[-73.94275,40.80574],[-73.93995,40.80958],[-73.93511,40.80754],[-73.93556,40.80692],[-73.93492,40.80667],[-73.93322,40.80725],[-73.92982,40.80331],[-73.92892,40.80084],[-73.92918,40.79547],[-73.93089,40.79404],[-73.93316,40.79505],[-73.93266,40.79573],[-73.93491,40.79668],[-73.93541,40.796],[-73.94646,40.80067],[-73.9446,40.80323]]],[[[-73.92783,40.78108],[-73.93149,40.78253],[-73.93543,40.78325],[-73.93624,40.78569],[-73.93305,40.78862],[-73.9314,40.79115],[-73.92575,40.7913],[-73.92639,40.79196],[-73.92765,40.79158],[-73.92764,40.79289],[-73.92654,40.79452],[-73.92735,40.79787],[-73.92688,40.79999],[-73.92532,40.80193],[-73.92275,40.80192],[-73.91468,40.7958],[-73.91443,40.79305],[-73.9238,40.78378],[-73.92611,40.78294],[-73.92783,40.78108]]]]}},{"type":"Feature","id":"10016","properties":{"z":"10016"},"geometry":{"type":"Polygon","coordinates":[[[-73.98362,40.74972],[-73.98182,40.7522],[-73.97452,40.74912],[-73.97407,40.74974],[-73.97269,40.74916],[-73.97314,40.74854],[-73.97078,40.74754],[-73.97037,40.74818],[-73.96819,40.74725],[-73.97157,40.74299],[-73.97225,40.74321],[-73.97315,40.7404],[-73.97534,40.74127],[-73.9758,40.74064],[-73.9737,40.74002],[-73.97525,40.73801],[-73.98498,40.74209],[-73.98453,40.74271],[-73.98775,40.74407],[-73.98362,40.74972]]]}},{"type":"Feature","id":"10012","properties":{"z":"10012"},"geometry":{"type":"Polygon","coordinates":[[[-74.00403,40.72551],[-74.00251,40.7276],[-74.00316,40.72766],[-74.00095,40.73171],[-73.99315,40.72787],[-73.99364,40.72729],[-73.99179,40.72639],[-73.99403,40.72032],[-73.99497,40.72063],[-73.99526,40.71987],[-74.00458,40.72417],[-74.00403,40.72551]]]}},{"type":"Feature","id":"10024","properties":{"z":"10024"},"geometry":{"type":"Polygon","coordinates":[[[-73.98722,40.78101],[-73.98814,40.78141],[-73.96417,40.81579],[-73.96207,40.8181],[-73.96069,40.81751],[-73.9622,40.81375],[-73.97129,40.80095],[-73.97385,40.79847],[-73.97418,40.79656],[-73.97625,40.79521],[-73.97694,40.79405],[-73.97709,40.79272],[-73.96963,40.78997],[-73.96985,40.78967],[-73.96701,40.78848],[-73.96745,40.78786],[-73.97407,40.7788],[-73.9769,40.78],[-73.97664,40.78036],[-73.97756,40.78091],[-73.98106,40.78175],[-73.98081,40.78247],[-73.98213,40.78303],[-73.98259,40.78239],[-73.98445,40.78319],[-73.98568,40.78031],[-73.98722,40.78101]]]}},{"type":"Feature","id":"10119","properties":{"z":"10119"},"geometry":{"type":"Polygon","coordinates":[[[-73.99433,40.751],[-73.99395,40.75152],[-73.99111,40.75032],[-73.99201,40.7491],[-73.99484,40.75029],[-73.99433,40.751]]]}},{"type":"Feature","id":"10170","properties":{"z":"10170"},"geometry":{"type":"Polygon","coordinates":[[[-73.97556,40.75212],[-73.97605,40.75144],[-73.97711,40.75188],[-73.9757,40.75381],[-73.97465,40.75337],[-73.97556,40.75212]]]}},{"type":"Feature","id":"11354","properties":{"z":"11354"},"geometry":{"type":"Polygon","coordinates":[[[-73.83899,40.76589],[-73.83979,40.76608],[-73.84015,40.76687],[-73.84052,40.766],[-73.84424,40.76609],[-73.84772,40.76707],[-73.84959,40.7698],[-73.85006,40.77262],[-73.84945,40.77252],[-73.8487,40.7736],[-73.84892,40.77454],[-73.84801,40.77696],[-73.83977,40.77653],[-73.83914,40.77662],[-73.83886,40.77862],[-73.83633,40.77853],[-73.83344,40.7713],[-73.82957,40.774],[-73.82715,40.77704],[-73.82582,40.77667],[-73.82585,40.77591],[-73.82439,40.77673],[-73.82167,40.77686],[-73.8066,40.77511],[-73.80398,40.77419],[-73.80428,40.77206],[-73.80615,40.77221],[-73.80629,40.77119],[-73.80536,40.7711],[-73.80557,40.76956],[-73.8065,40.76964],[-73.80669,40.76825],[-73.80721,40.7683],[-73.80751,40.76218],[-73.81251,40.76261],[-73.8126,40.76315],[-73.81588,40.76207],[-73.81609,40.76252],[-73.82974,40.75875],[-73.838,40.75444],[-73.83869,40.75696],[-73.83733,40.76268],[-73.83917,40.76536],[-73.83899,40.76589]]]}},{"type":"Feature","id":"11419","properties":{"z":"11419"},"geometry":{"type":"Polygon","coordinates":[[[-73.81868,40.68325],[-73.83175,40.67954],[-73.83427,40.68533],[-73.8352,40.68527],[-73.83509,40.68702],[-73.83754,40.69136],[-73.82109,40.69582],[-73.81993,40.69561],[-73.81366,40.69713],[-73.80786,40.68712],[-73.81868,40.68325]]]}},{"type":"Feature","id":"11374","properties":{"z":"11374"},"geometry":{"type":"Polygon","coordinates":[[[-73.86657,40.72149],[-73.86982,40.72516],[-73.87058,40.72476],[-73.87157,40.72585],[-73.87077,40.72739],[-73.87102,40.72798],[-73.87181,40.72679],[-73.87391,40.72843],[-73.8725,40.72946],[-73.87161,40.72911],[-73.86979,40.7305],[-73.86826,40.73251],[-73.86867,40.73277],[-73.85884,40.73579],[-73.85307,40.73686],[-73.85615,40.73565],[-73.8547,40.73283],[-73.8539,40.73243],[-73.85216,40.73295],[-73.85182,40.73228],[-73.85359,40.73175],[-73.85326,40.73109],[-73.85148,40.73162],[-73.85114,40.73095],[-73.85288,40.73043],[-73.85178,40.7277],[-73.85392,40.72703],[-73.85711,40.72176],[-73.85852,40.72153],[-73.8573,40.71146],[-73.85819,40.7116],[-73.85755,40.71076],[-73.85967,40.71049],[-73.85976,40.71184],[-73.86208,40.7122],[-73.85963,40.7136],[-73.85962,40.71431],[-73.86657,40.72149]]]}},{"type":"Feature","id":"11427","properties":{"z":"11427"},"geometry":{"type":"Polygon","coordinates":[[[-73.75711,40.73398],[-73.74654,40.73578],[-73.74595,40.73417],[-73.74681,40.73251],[-73.74296,40.73555],[-73.73914,40.73972],[-73.73234,40.74358],[-73.72667,40.74088],[-73.72751,40.74069],[-73.72611,40.73638],[-73.72701,40.73558],[-73.72637,40.73349],[-73.7313,40.73267],[-73.73194,40.73093],[-73.73062,40.73109],[-73.73069,40.73037],[-73.73173,40.73029],[-73.73217,40.72915],[-73.73306,40.72936],[-73.73363,40.72801],[-73.7407,40.72953],[-73.73931,40.72817],[-73.75181,40.7205],[-73.75814,40.71776],[-73.7603,40.72066],[-73.75944,40.72106],[-73.76,40.72176],[-73.7648,40.72468],[-73.76631,40.72637],[-73.75657,40.72613],[-73.76102,40.72855],[-73.76556,40.73253],[-73.75711,40.73398]]]}},{"type":"Feature","id":"11377","properties":{"z":"11377"},"geometry":{"type":"Polygon","coordinates":[[[-73.91314,40.74886],[-73.91016,40.7485],[-73.9099,40.74909],[-73.90956,40.75104],[-73.91176,40.75557],[-73.91261,40.75597],[-73.91068,40.75832],[-73.90989,40.75795],[-73.9089,40.75842],[-73.90651,40.76211],[-73.90551,40.76164],[-73.90475,40.76289],[-73.90524,40.76369],[-73.90451,40.76459],[-73.90373,40.76423],[-73.90371,40.7656],[-73.90524,40.76778],[-73.90445,40.76758],[-73.90357,40.76578],[-73.90202,40.76742],[-73.89353,40.76602],[-73.89874,40.75997],[-73.89772,40.76098],[-73.8958,40.75062],[-73.89728,40.75042],[-73.89483,40.74648],[-73.89465,40.74477],[-73.89467,40.74652],[-73.89146,40.74687],[-73.8907,40.74226],[-73.89175,40.74214],[-73.8888,40.73653],[-73.89138,40.73592],[-73.88936,40.73584],[-73.88852,40.73453],[-73.89175,40.73448],[-73.89213,40.73368],[-73.89596,40.73353],[-73.89789,40.7336],[-73.89786,40.73429],[-73.90071,40.73436],[-73.90568,40.72855],[-73.90869,40.72988],[-73.91201,40.72995],[-73.91742,40.73113],[-73.92253,40.7344],[-73.92585,40.73564],[-73.92579,40.73614],[-73.92397,40.73578],[-73.92304,40.74044],[-73.92003,40.74126],[-73.91992,40.74181],[-73.91684,40.74294],[-73.91503,40.74276],[-73.91464,40.74447],[-73.91557,40.74458],[-73.91471,40.74882],[-73.91314,40.74886]]]}},{"type":"Feature","id":"11106","properties":{"z":"11106"},"geometry":{"type":"Polygon","coordinates":[[[-73.93258,40.75582],[-73.93792,40.75871],[-73.9433,40.76066],[-73.94247,40.76199],[-73.94511,40.76309],[-73.94084,40.7674],[-73.93654,40.76984],[-73.93519,40.77175],[-73.93515,40.77123],[-73.93425,40.77103],[-73.93523,40.76953],[-73.92856,40.76671],[-73.92782,40.76762],[-73.92597,40.76675],[-73.92644,40.76573],[-73.91897,40.7622],[-73.92113,40.75997],[-73.92283,40.7576],[-73.92246,40.75743],[-73.92649,40.75243],[-73.93258,40.75582]]]}},{"type":"Feature","id":"11361","properties":{"z":"11361"},"geometry":{"type":"Polygon","coordinates":[[[-73.78517,40.76143],[-73.78931,40.76971],[-73.77481,40.77367],[-73.77447,40.7721],[-73.77349,40.77231],[-73.77384,40.77385],[-73.77158,40.77431],[-73.77117,40.77352],[-73.77026,40.7737],[-73.76978,40.77262],[-73.76539,40.77359],[-73.76341,40.77156],[-73.76259,40.77169],[-73.75852,40.76752],[-73.7537,40.76529],[-73.75924,40.7644],[-73.75886,40.76328],[-73.75823,40.7633],[-73.75848,40.76199],[-73.758,40.76038],[-73.76025,40.75998],[-73.75955,40.75914],[-73.75778,40.76011],[-73.75697,40.75931],[-73.75902,40.75835],[-73.75907,40.75738],[-73.75992,40.75694],[-73.76038,40.75584],[-73.75894,40.75432],[-73.7584,40.75287],[-73.75929,40.75235],[-73.76193,40.75577],[-73.76186,40.75652],[-73.76933,40.75521],[-73.77981,40.75189],[-73.78447,40.75986],[-73.7859,40.75975],[-73.78613,40.76136],[-73.78517,40.76143]]]}},{"type":"Feature","id":"11365","properties":{"z":"11365"},"geometry":{"type":"Polygon","coordinates":[[[-73.79802,40.74873],[-73.79566,40.75024],[-73.79478,40.74959],[-73.79481,40.74842],[-73.7923,40.74837],[-73.78695,40.74993],[-73.78741,40.75091],[-73.78624,40.75014],[-73.78121,40.75151],[-73.78009,40.75249],[-73.77907,40.75033],[-73.78001,40.75007],[-73.7785,40.74688],[-73.77755,40.74714],[-73.77286,40.73628],[-73.77011,40.73178],[-73.77153,40.73152],[-73.77355,40.73607],[-73.77539,40.73553],[-73.77584,40.73649],[-73.78025,40.73473],[-73.7804,40.73399],[-73.78821,40.73136],[-73.80041,40.72837],[-73.81089,40.72717],[-73.81186,40.72775],[-73.81186,40.72994],[-73.81105,40.7303],[-73.81228,40.73222],[-73.81077,40.73233],[-73.81069,40.73368],[-73.81212,40.73375],[-73.81295,40.73621],[-73.81239,40.73707],[-73.81048,40.73699],[-73.81039,40.73833],[-73.80943,40.73828],[-73.80939,40.73883],[-73.81036,40.73887],[-73.81013,40.74229],[-73.81431,40.74297],[-73.81367,40.74556],[-73.81416,40.74614],[-73.80751,40.75014],[-73.79802,40.74873]]]}},{"type":"Feature","id":"11364","properties":{"z":"11364"},"geometry":{"type":"Polygon","coordinates":[[[-73.74621,40.7517],[-73.74397,40.74763],[-73.74612,40.74654],[-73.74485,40.74332],[-73.74888,40.74329],[-73.75347,40.7424],[-73.75139,40.74019],[-73.74997,40.73975],[-73.74406,40.74074],[-73.74307,40.73844],[-73.74002,40.73871],[-73.74296,40.73555],[-73.74681,40.73251],[-73.74595,40.73417],[-73.74654,40.73578],[-73.77011,40.73178],[-73.77286,40.73628],[-73.77755,40.74714],[-73.7785,40.74688],[-73.78001,40.75007],[-73.77907,40.75033],[-73.77981,40.75189],[-73.76933,40.75521],[-73.76186,40.75652],[-73.76193,40.75577],[-73.75929,40.75235],[-73.7584,40.75287],[-73.75894,40.75432],[-73.76038,40.75584],[-73.75992,40.75694],[-73.75907,40.75738],[-73.75902,40.75835],[-73.75697,40.75931],[-73.75778,40.76011],[-73.75955,40.75914],[-73.76025,40.75998],[-73.758,40.76038],[-73.75724,40.76016],[-73.75589,40.75784],[-73.75509,40.75849],[-73.75318,40.75823],[-73.7523,40.75946],[-73.75116,40.75907],[-73.75066,40.75811],[-73.75005,40.75841],[-73.74711,40.75417],[-73.74771,40.754],[-73.74712,40.75238],[-73.74621,40.7517]]]}},{"type":"Feature","id":"11451","properties":{"z":"11451"},"geometry":{"type":"Polygon","coordinates":[[[-73.79752,40.70159],[-73.79842,40.70274],[-73.79609,40.70329],[-73.79358,40.69976],[-73.79572,40.69902],[-73.79752,40.70159]]]}},{"type":"Feature","id":"10460","properties":{"z":"10460"},"geometry":{"type":"Polygon","coordinates":[[[-73.87817,40.84262],[-73.87459,40.84152],[-73.87175,40.84419],[-73.87191,40.84262],[-73.87041,40.8454],[-73.86779,40.84488],[-73.86517,40.84247],[-73.86394,40.84005],[-73.86489,40.83977],[-73.86452,40.83777],[-73.86356,40.83787],[-73.86294,40.8343],[-73.86499,40.83491],[-73.86507,40.83534],[-73.86681,40.83484],[-73.8751,40.83613],[-73.87694,40.83614],[-73.87925,40.83442],[-73.88222,40.83546],[-73.88489,40.8324],[-73.88519,40.83041],[-73.89174,40.83266],[-73.89216,40.83364],[-73.89313,40.83342],[-73.89388,40.83524],[-73.89443,40.83464],[-73.89419,40.83329],[-73.89512,40.8332],[-73.89527,40.83403],[-73.8963,40.83354],[-73.89697,40.83434],[-73.89338,40.83654],[-73.8906,40.8369],[-73.88841,40.83855],[-73.88729,40.83814],[-73.8866,40.83928],[-73.88814,40.83986],[-73.88869,40.83916],[-73.89217,40.84105],[-73.8848,40.84931],[-73.88273,40.85365],[-73.88167,40.85335],[-73.88079,40.85708],[-73.87677,40.85546],[-73.87658,40.85355],[-73.87483,40.85363],[-73.87394,40.85288],[-73.87532,40.85046],[-73.87529,40.84831],[-73.87651,40.8453],[-73.87817,40.84262]]]}},{"type":"Feature","id":"10456","properties":{"z":"10456"},"geometry":{"type":"Polygon","coordinates":[[[-73.90798,40.83718],[-73.90538,40.83977],[-73.90598,40.8385],[-73.90057,40.83659],[-73.90121,40.8355],[-73.89701,40.83439],[-73.8963,40.83354],[-73.89902,40.832],[-73.89851,40.82995],[-73.90347,40.81874],[-73.90531,40.81793],[-73.91061,40.81922],[-73.91042,40.81975],[-73.91195,40.82015],[-73.91155,40.82086],[-73.91016,40.82048],[-73.9095,40.82244],[-73.91004,40.82255],[-73.90871,40.82407],[-73.91131,40.82485],[-73.91169,40.82776],[-73.91363,40.82692],[-73.91476,40.82756],[-73.91532,40.82655],[-73.9202,40.8281],[-73.91894,40.83033],[-73.92046,40.83091],[-73.91986,40.83195],[-73.91314,40.83981],[-73.91208,40.83945],[-73.91271,40.83836],[-73.91139,40.83787],[-73.91072,40.839],[-73.90988,40.83871],[-73.9106,40.8375],[-73.90931,40.83696],[-73.90798,40.83718]]]}},{"type":"Feature","id":"10452","properties":{"z":"10452"},"geometry":{"type":"Polygon","coordinates":[[[-73.9206,40.84629],[-73.91703,40.8464],[-73.91709,40.84544],[-73.91508,40.84589],[-73.91397,40.84543],[-73.9142,40.84511],[-73.91105,40.84514],[-73.91375,40.83874],[-73.91903,40.83309],[-73.92267,40.82685],[-73.92876,40.82919],[-73.93294,40.82821],[-73.93341,40.83318],[-73.93301,40.83568],[-73.93061,40.83968],[-73.92829,40.84528],[-73.92266,40.84463],[-73.92104,40.84652],[-73.9206,40.84629]]]}},{"type":"Feature","id":"10469","properties":{"z":"10469"},"geometry":{"type":"MultiPolygon","coordinates":[[[[-73.87237,40.85532],[-73.87295,40.85763],[-73.87161,40.86378],[-73.8719,40.8715],[-73.87015,40.87831],[-73.86943,40.87813],[-73.87031,40.87534],[-73.87046,40.86327],[-73.87108,40.85736],[-73.86838,40.85781],[-73.87099,40.85565],[-73.8719,40.85408],[-73.87237,40.85532]]],[[[-73.86051,40.87549],[-73.85569,40.88421],[-73.84462,40.87995],[-73.84426,40.88042],[-73.84274,40.87942],[-73.83874,40.88127],[-73.83478,40.87417],[-73.83316,40.86832],[-73.83054,40.86373],[-73.82824,40.86102],[-73.83143,40.85729],[-73.83253,40.85659],[-73.83337,40.85684],[-73.83337,40.85617],[-73.83724,40.85736],[-73.84646,40.85864],[-73.86179,40.85798],[-73.86164,40.86311],[-73.86212,40.86366],[-73.8621,40.86554],[-73.86156,40.86555],[-73.8615,40.86778],[-73.86248,40.8687],[-73.86245,40.86962],[-73.86143,40.8696],[-73.86131,40.87367],[-73.86051,40.87549]]]]}},{"type":"Feature","id":"10475","properties":{"z":"10475"},"geometry":{"type":"Polygon","coordinates":[[[-73.83622,40.88239],[-73.83324,40.88435],[-73.82324,40.88748],[-73.81972,40.89021],[-73.81516,40.889],[-73.81534,40.88678],[-73.8198,40.88545],[-73.81993,40.88212],[-73.8233,40.8731],[-73.82127,40.86907],[-73.81634,40.8661],[-73.81675,40.86454],[-73.81881,40.86248],[-73.81834,40.86183],[-73.82077,40.86008],[-73.82003,40.85973],[-73.818,40.86108],[-73.81486,40.86114],[-73.81486,40.85837],[-73.81864,40.85678],[-73.81663,40.85375],[-73.81736,40.85221],[-73.81701,40.85122],[-73.8159,40.85097],[-73.81567,40.84886],[-73.82014,40.84802],[-73.82048,40.8485],[-73.82549,40.84584],[-73.82689,40.84885],[-73.82613,40.85731],[-73.83316,40.86832],[-73.83478,40.87417],[-73.83874,40.88127],[-73.83622,40.88239]]]}},{"type":"Feature","id":"11231","properties":{"z":"11231"},"geometry":{"type":"Polygon","coordinates":[[[-74.00773,40.68604],[-74.00485,40.68567],[-74.0045,40.6863],[-74.00236,40.68574],[-74.00139,40.68775],[-73.99441,40.68545],[-73.99458,40.6851],[-73.98999,40.68332],[-73.99087,40.68206],[-73.9887,40.68122],[-73.98913,40.68058],[-73.98808,40.68017],[-73.9908,40.67578],[-73.99398,40.67617],[-73.99528,40.67578],[-73.99902,40.67143],[-74.00017,40.6686],[-74.00106,40.66895],[-74.00444,40.66772],[-74.00584,40.66629],[-74.00475,40.67072],[-74.00544,40.67092],[-74.01167,40.66508],[-74.0169,40.66485],[-74.01789,40.66585],[-74.01858,40.67039],[-74.01934,40.67162],[-74.01772,40.67094],[-74.01669,40.66544],[-74.01201,40.66562],[-74.0107,40.66897],[-74.01189,40.67044],[-74.01843,40.67451],[-74.02003,40.67702],[-74.0194,40.67957],[-74.01597,40.68066],[-74.01548,40.68191],[-74.00812,40.68662],[-74.00773,40.68604]]]}},{"type":"Feature","id":"11236","properties":{"z":"11236"},"geometry":{"type":"Polygon","coordinates":[[[-73.92138,40.65443],[-73.921,40.65492],[-73.91847,40.65375],[-73.91758,40.65431],[-73.9106,40.65419],[-73.90317,40.6553],[-73.9003,40.65726],[-73.89904,40.65737],[-73.89761,40.65345],[-73.89557,40.65308],[-73.89339,40.65093],[-73.89137,40.65237],[-73.88999,40.65114],[-73.89125,40.65003],[-73.88097,40.63945],[-73.87954,40.63886],[-73.8763,40.63519],[-73.87635,40.63347],[-73.87729,40.63325],[-73.87707,40.63425],[-73.87804,40.63449],[-73.88266,40.62991],[-73.88192,40.62939],[-73.88243,40.62898],[-73.88337,40.62938],[-73.88727,40.62616],[-73.88886,40.62591],[-73.88947,40.62308],[-73.89149,40.62185],[-73.89826,40.62299],[-73.90651,40.62713],[-73.9186,40.6321],[-73.92041,40.63347],[-73.91885,40.63448],[-73.91962,40.64166],[-73.92221,40.64106],[-73.91973,40.64272],[-73.92163,40.64281],[-73.92174,40.64338],[-73.91995,40.64471],[-73.92053,40.645],[-73.92066,40.64645],[-73.92018,40.64693],[-73.92058,40.65071],[-73.92099,40.65068],[-73.92135,40.65252],[-73.92077,40.65255],[-73.92088,40.65361],[-73.92138,40.65443]]]}},{"type":"Feature","id":"10004","properties":{"z":"10004"},"geometry":{"type":"MultiPolygon","coordinates":[[[[-74.00827,40.70772],[-74.00937,40.70861],[-74.00889,40.70904],[-74.008,40.70798],[-74.00827,40.70772]]],[[[-73.99991,40.6961],[-74.00219,40.69708],[-73.99964,40.6965],[-73.99991,40.6961]]],[[[-74.00263,40.69107],[-74.00516,40.69191],[-74.00481,40.69248],[-74.00232,40.69159],[-74.00263,40.69107]]],[[[-74.00487,40.68849],[-74.00644,40.68899],[-74.00599,40.68976],[-74.00392,40.68908],[-74.00487,40.68849]]],[[[-74.00695,40.68721],[-74.00841,40.68761],[-74.00792,40.68844],[-74.00581,40.68778],[-74.00695,40.68721]]],[[[-73.99841,40.69883],[-74.00067,40.69938],[-74.0002,40.70004],[-73.99793,40.69958],[-73.99841,40.69883]]],[[[-74.00369,40.68992],[-74.00585,40.6906],[-74.00548,40.69127],[-74.00293,40.69038],[-74.00369,40.68992]]],[[[-74.0394,40.70047],[-74.03818,40.69909],[-74.04015,40.69928],[-74.03966,40.69928],[-74.04036,40.70048],[-74.0394,40.70047]]],[[[-74.00188,40.69248],[-74.00441,40.69337],[-74.004,40.6941],[-74.00142,40.69322],[-74.00188,40.69248]]],[[[-74.00193,40.69811],[-74.00143,40.69878],[-73.99879,40.69815],[-73.99919,40.69728],[-74.00193,40.69811]]],[[[-74.00062,40.69399],[-74.0035,40.69495],[-74.00288,40.69587],[-74.00042,40.69499],[-74.00062,40.69399]]],[[[-73.99781,40.7002],[-73.99954,40.70062],[-73.99733,40.70326],[-73.99566,40.70285],[-73.99781,40.7002]]],[[[-74.04657,40.69115],[-74.04392,40.69022],[-74.04366,40.68886],[-74.0444,40.68854],[-74.04647,40.68949],[-74.04729,40.6905],[-74.04717,40.69111],[-74.04657,40.69115]]],[[[-74.00998,40.70515],[-74.00903,40.70531],[-74.00946,40.70455],[-74.00607,40.70136],[-74.00652,40.70116],[-74.00796,40.70224],[-74.0102,40.70107],[-74.0095,40.69972],[-74.01052,40.70099],[-74.01125,40.70085],[-74.011,40.69987],[-74.0114,40.70064],[-74.01148,40.70017],[-74.01244,40.70046],[-74.01237,40.69967],[-74.01358,40.70037],[-74.01345,40.69931],[-74.01404,40.70049],[-74.01553,40.70027],[-74.01654,40.70473],[-74.01762,40.70529],[-74.01793,40.70618],[-74.01757,40.70684],[-74.01325,40.70587],[-74.0124,40.70679],[-74.01119,40.70628],[-74.01155,40.70495],[-74.00998,40.70515]]],[[[-74.02213,40.68454],[-74.02354,40.68397],[-74.02536,40.68406],[-74.02642,40.68484],[-74.02666,40.68572],[-74.01963,40.69329],[-74.01631,40.69379],[-74.01419,40.69345],[-74.01347,40.69214],[-74.01245,40.69221],[-74.01333,40.692],[-74.01198,40.69135],[-74.01231,40.68928],[-74.01317,40.68816],[-74.02213,40.68454]]]]}},{"type":"Feature","id":"10019","properties":{"z":"10019"},"geometry":{"type":"Polygon","coordinates":[[[-73.98656,40.76166],[-73.98701,40.76104],[-73.99336,40.76371],[-73.99296,40.76436],[-73.99509,40.76525],[-73.99555,40.76463],[-73.99774,40.76556],[-74.00116,40.76202],[-74.00348,40.76351],[-74.0012,40.76284],[-74.00083,40.76334],[-74.0028,40.76454],[-73.99993,40.76357],[-73.9994,40.76436],[-74.00206,40.76548],[-74.00182,40.76588],[-73.99875,40.76468],[-73.99815,40.76547],[-74.00104,40.76709],[-73.99795,40.76579],[-73.99725,40.76676],[-74.00034,40.76817],[-74.00018,40.76849],[-73.99693,40.76714],[-73.99631,40.76796],[-73.99939,40.76941],[-73.99692,40.76876],[-73.99632,40.76966],[-73.99821,40.77082],[-73.99634,40.77006],[-73.99595,40.77037],[-73.99778,40.7714],[-73.99562,40.77054],[-73.99536,40.77091],[-73.99735,40.77205],[-73.99515,40.77112],[-73.99492,40.77144],[-73.997,40.77253],[-73.99467,40.77179],[-73.99444,40.77221],[-73.9965,40.77345],[-73.99045,40.77161],[-73.98999,40.77224],[-73.98715,40.77105],[-73.98762,40.77041],[-73.98477,40.76922],[-73.98431,40.76985],[-73.98209,40.76889],[-73.98224,40.76772],[-73.98136,40.76784],[-73.97302,40.76428],[-73.97583,40.76042],[-73.97906,40.76177],[-73.97951,40.76115],[-73.97629,40.75979],[-73.97674,40.75917],[-73.97997,40.76053],[-73.98043,40.7599],[-73.98326,40.76109],[-73.98373,40.76046],[-73.98089,40.75927],[-73.98134,40.75865],[-73.98481,40.7601],[-73.98446,40.76077],[-73.98656,40.76166]]]}},{"type":"Feature","id":"10007","properties":{"z":"10007"},"geometry":{"type":"Polygon","coordinates":[[[-74.01046,40.71153],[-74.01015,40.71206],[-74.01375,40.71369],[-74.01289,40.71719],[-74.00794,40.71493],[-74.00625,40.71708],[-74.00453,40.71628],[-74.00542,40.71524],[-74.0034,40.71415],[-74.00212,40.71516],[-74.00046,40.71437],[-74.00089,40.71301],[-74.00366,40.71198],[-74.00536,40.71215],[-74.00861,40.71137],[-74.00999,40.70981],[-74.01123,40.71037],[-74.01046,40.71153]],[[-74.0081,40.712],[-74.00767,40.71253],[-74.00925,40.71326],[-74.00967,40.71272],[-74.0081,40.712]]]}},{"type":"Feature","id":"10282","properties":{"z":"10282"},"geometry":{"type":"Polygon","coordinates":[[[-74.01305,40.71645],[-74.01375,40.71369],[-74.0162,40.71477],[-74.01737,40.71338],[-74.01831,40.71356],[-74.01686,40.71961],[-74.01244,40.71906],[-74.01305,40.71645]]]}},{"type":"Feature","id":"11385","properties":{"z":"11385"},"geometry":{"type":"Polygon","coordinates":[[[-73.90477,40.71287],[-73.90285,40.71379],[-73.8902,40.70825],[-73.88553,40.70645],[-73.88383,40.70638],[-73.87484,40.70678],[-73.87064,40.709],[-73.86208,40.7122],[-73.85976,40.71184],[-73.85967,40.71049],[-73.85803,40.7105],[-73.85755,40.71076],[-73.85819,40.7116],[-73.8573,40.71146],[-73.85668,40.70769],[-73.856,40.7065],[-73.85475,40.70683],[-73.85473,40.70524],[-73.85214,40.70238],[-73.85529,40.7026],[-73.85529,40.70184],[-73.8582,40.701],[-73.8587,40.7011],[-73.85829,40.70297],[-73.86325,40.70339],[-73.86916,40.70289],[-73.86931,40.69935],[-73.8708,40.69788],[-73.86892,40.69515],[-73.87402,40.69419],[-73.87946,40.69123],[-73.88378,40.68786],[-73.88762,40.686],[-73.88957,40.68418],[-73.89008,40.68471],[-73.89252,40.68342],[-73.89403,40.68514],[-73.8965,40.68245],[-73.90099,40.68762],[-73.90033,40.68787],[-73.9018,40.69073],[-73.90124,40.69144],[-73.90585,40.69407],[-73.90443,40.69567],[-73.91165,40.69991],[-73.91058,40.701],[-73.91272,40.70236],[-73.91206,40.70345],[-73.92147,40.709],[-73.92168,40.70947],[-73.92073,40.71046],[-73.92212,40.71293],[-73.92392,40.71407],[-73.91304,40.71333],[-73.91228,40.71418],[-73.91022,40.71315],[-73.9089,40.71306],[-73.90881,40.7139],[-73.90801,40.71301],[-73.90692,40.71295],[-73.90679,40.71356],[-73.90556,40.71372],[-73.90538,40.71288],[-73.90477,40.71287]]]}},{"type":"Feature","id":"11433","properties":{"z":"11433"},"geometry":{"type":"Polygon","coordinates":[[[-73.78185,40.70817],[-73.77968,40.7086],[-73.77937,40.70781],[-73.78023,40.70761],[-73.77997,40.70705],[-73.78314,40.7063],[-73.78184,40.70617],[-73.77101,40.70872],[-73.77471,40.70733],[-73.77556,40.70513],[-73.77322,40.70024],[-73.7699,40.69636],[-73.7758,40.69304],[-73.77625,40.69369],[-73.77748,40.693],[-73.77784,40.69432],[-73.77944,40.69364],[-73.78169,40.69232],[-73.78078,40.69103],[-73.78479,40.68936],[-73.79039,40.68775],[-73.79086,40.68841],[-73.79437,40.68691],[-73.79478,40.68747],[-73.79415,40.68775],[-73.79458,40.68835],[-73.79521,40.68809],[-73.79546,40.68955],[-73.7961,40.68928],[-73.79715,40.69041],[-73.79633,40.69076],[-73.79677,40.69136],[-73.7976,40.691],[-73.80068,40.69386],[-73.80094,40.69443],[-73.7999,40.69499],[-73.80053,40.69586],[-73.8012,40.69534],[-73.8021,40.69707],[-73.80277,40.69911],[-73.8021,40.70064],[-73.80353,40.70028],[-73.80396,40.70105],[-73.79992,40.70247],[-73.8002,40.70334],[-73.79915,40.70375],[-73.79572,40.69902],[-73.79358,40.69976],[-73.79609,40.70329],[-73.79379,40.70403],[-73.79489,40.70546],[-73.79396,40.70583],[-73.79285,40.70442],[-73.79165,40.70486],[-73.79253,40.70636],[-73.79146,40.70668],[-73.79102,40.70578],[-73.78916,40.70623],[-73.78957,40.70722],[-73.78869,40.70747],[-73.78185,40.70817]]]}},{"type":"Feature","id":"11356","properties":{"z":"11356"},"geometry":{"type":"Polygon","coordinates":[[[-73.83113,40.78744],[-73.83019,40.78754],[-73.82996,40.78635],[-73.83091,40.78625],[-73.83054,40.78465],[-73.8269,40.78465],[-73.82679,40.78167],[-73.825,40.78173],[-73.82884,40.7747],[-73.83344,40.7713],[-73.83633,40.77853],[-73.83886,40.77862],[-73.83914,40.77662],[-73.84818,40.77671],[-73.84828,40.77808],[-73.8494,40.77818],[-73.84969,40.77878],[-73.84982,40.7817],[-73.84933,40.7818],[-73.84933,40.78251],[-73.85538,40.7822],[-73.85568,40.78311],[-73.85805,40.78383],[-73.85777,40.78453],[-73.85931,40.78586],[-73.85718,40.78613],[-73.85536,40.78733],[-73.85428,40.78703],[-73.85273,40.78823],[-73.85479,40.7886],[-73.85452,40.79027],[-73.85261,40.79116],[-73.85376,40.79224],[-73.85362,40.79412],[-73.85258,40.79461],[-73.8489,40.79344],[-73.84881,40.79529],[-73.84788,40.79575],[-73.84534,40.79574],[-73.8446,40.79491],[-73.84338,40.79498],[-73.84331,40.7955],[-73.84149,40.79544],[-73.8406,40.79681],[-73.83904,40.79705],[-73.83843,40.79679],[-73.83647,40.79249],[-73.8366,40.79166],[-73.83747,40.79137],[-73.83665,40.78919],[-73.83397,40.7884],[-73.83174,40.78913],[-73.83214,40.7901],[-73.83092,40.78903],[-73.83113,40.78744]]]}},{"type":"Feature","id":"11375","properties":{"z":"11375"},"geometry":{"type":"Polygon","coordinates":[[[-73.83063,40.71434],[-73.83602,40.71165],[-73.84302,40.70918],[-73.84568,40.70848],[-73.84952,40.70839],[-73.856,40.7065],[-73.85668,40.70769],[-73.85852,40.72153],[-73.85711,40.72176],[-73.85392,40.72703],[-73.85178,40.7277],[-73.85288,40.73043],[-73.85114,40.73095],[-73.85148,40.73162],[-73.85326,40.73109],[-73.85359,40.73175],[-73.85182,40.73228],[-73.85216,40.73295],[-73.8539,40.73243],[-73.8547,40.73283],[-73.85615,40.73565],[-73.84824,40.73929],[-73.84748,40.73906],[-73.84532,40.74005],[-73.84412,40.73384],[-73.83777,40.7267],[-73.83558,40.72191],[-73.83111,40.71739],[-73.82579,40.71615],[-73.83063,40.71434]]]}},{"type":"Feature","id":"11104","properties":{"z":"11104"},"geometry":{"type":"Polygon","coordinates":[[[-73.91501,40.74733],[-73.91557,40.74458],[-73.91464,40.74447],[-73.91503,40.74276],[-73.91684,40.74294],[-73.91992,40.74181],[-73.92003,40.74126],[-73.92304,40.74044],[-73.92397,40.73578],[-73.92763,40.7366],[-73.92547,40.74743],[-73.9208,40.74689],[-73.92027,40.74951],[-73.90981,40.75157],[-73.90948,40.75056],[-73.91016,40.7485],[-73.91471,40.74882],[-73.91501,40.74733]]]}},{"type":"Feature","id":"10304","properties":{"z":"10304"},"geometry":{"type":"Polygon","coordinates":[[[-74.09352,40.61292],[-74.09219,40.61546],[-74.0943,40.61666],[-74.09368,40.61814],[-74.09286,40.6183],[-74.0898,40.61681],[-74.08815,40.617],[-74.08763,40.61954],[-74.08942,40.62031],[-74.08867,40.62103],[-74.08851,40.62891],[-74.08682,40.63032],[-74.08808,40.63108],[-74.08575,40.63396],[-74.0852,40.63376],[-74.08412,40.63478],[-74.08231,40.63366],[-74.07875,40.63706],[-74.07989,40.63341],[-74.07899,40.63319],[-74.07871,40.63407],[-74.07747,40.63372],[-74.07795,40.63255],[-74.07596,40.63197],[-74.07517,40.63417],[-74.07585,40.63594],[-74.07458,40.63625],[-74.07507,40.63778],[-74.06935,40.6381],[-74.06876,40.62741],[-74.07415,40.62682],[-74.07029,40.62101],[-74.07455,40.61694],[-74.07943,40.6091],[-74.08386,40.6034],[-74.08334,40.60274],[-74.08476,40.60226],[-74.08752,40.59637],[-74.08715,40.59597],[-74.08773,40.59601],[-74.09137,40.59231],[-74.09849,40.58711],[-74.10208,40.58874],[-74.10089,40.59045],[-74.10778,40.58435],[-74.11392,40.58051],[-74.11542,40.57863],[-74.11759,40.57758],[-74.11829,40.57819],[-74.11915,40.58151],[-74.12311,40.5851],[-74.12017,40.58822],[-74.12056,40.5885],[-74.11593,40.59582],[-74.11414,40.59655],[-74.11325,40.5961],[-74.11131,40.59706],[-74.1113,40.59821],[-74.11302,40.60014],[-74.10934,40.60089],[-74.10953,40.60159],[-74.11155,40.60106],[-74.1127,40.60307],[-74.10709,40.60431],[-74.10327,40.60304],[-74.10182,40.60516],[-74.0975,40.60588],[-74.09632,40.60745],[-74.09673,40.60819],[-74.09603,40.60853],[-74.09626,40.60887],[-74.09494,40.60931],[-74.09737,40.60905],[-74.09684,40.61],[-74.09818,40.61074],[-74.09935,40.61242],[-74.09811,40.61279],[-74.09715,40.61529],[-74.09623,40.61572],[-74.0963,40.61404],[-74.09352,40.61292]],[[-74.09352,40.61292],[-74.09469,40.61218],[-74.09299,40.61144],[-74.0915,40.61154],[-74.09098,40.61207],[-74.09352,40.61292]]]}},{"type":"Feature","id":"10309","properties":{"z":"10309"},"geometry":{"type":"Polygon","coordinates":[[[-74.21097,40.55464],[-74.20613,40.54354],[-74.20305,40.54428],[-74.19858,40.53448],[-74.20309,40.53248],[-74.20289,40.53171],[-74.19748,40.53242],[-74.19608,40.52991],[-74.19498,40.53044],[-74.19944,40.52587],[-74.19326,40.51731],[-74.19364,40.51271],[-74.19523,40.51195],[-74.19712,40.51242],[-74.19754,40.51119],[-74.19975,40.51145],[-74.19972,40.51272],[-74.20018,40.51214],[-74.20494,40.51203],[-74.21009,40.51079],[-74.21044,40.51174],[-74.21373,40.51041],[-74.22321,40.50866],[-74.22163,40.50107],[-74.2247,40.50083],[-74.228,40.50179],[-74.2326,40.51584],[-74.23427,40.51747],[-74.23482,40.51952],[-74.23996,40.52005],[-74.24091,40.51946],[-74.24124,40.52064],[-74.24242,40.52032],[-74.24335,40.52135],[-74.2436,40.52233],[-74.24281,40.52271],[-74.24367,40.52494],[-74.24177,40.53112],[-74.24227,40.53432],[-74.24426,40.53599],[-74.24567,40.53622],[-74.24598,40.53704],[-74.24512,40.53846],[-74.24665,40.5423],[-74.24816,40.54305],[-74.24659,40.54538],[-74.24353,40.5476],[-74.24235,40.54684],[-74.23655,40.55023],[-74.2358,40.55165],[-74.23416,40.55192],[-74.22914,40.55587],[-74.21841,40.55602],[-74.21747,40.55513],[-74.21412,40.55658],[-74.213,40.55833],[-74.21199,40.55763],[-74.20749,40.55828],[-74.205,40.55747],[-74.21264,40.55511],[-74.21316,40.55484],[-74.21291,40.55426],[-74.21126,40.55514],[-74.21097,40.55464]]]}},{"type":"Feature","id":"10307","properties":{"z":"10307"},"geometry":{"type":"MultiPolygon","coordinates":[[[[-74.22158,40.50894],[-74.21336,40.5105],[-74.21044,40.51174],[-74.21009,40.51079],[-74.21038,40.50902],[-74.21164,40.50818],[-74.21158,40.50652],[-74.21696,40.5019],[-74.21956,40.50119],[-74.22163,40.50107],[-74.22321,40.50866],[-74.22158,40.50894]]],[[[-74.2534,40.51232],[-74.25228,40.51322],[-74.25256,40.51372],[-74.25212,40.51424],[-74.24809,40.51672],[-74.24643,40.51618],[-74.24677,40.5167],[-74.24439,40.51877],[-74.24248,40.51843],[-74.24144,40.51935],[-74.24242,40.52032],[-74.24191,40.5207],[-74.24124,40.52064],[-74.24091,40.51946],[-74.23996,40.52005],[-74.23482,40.51952],[-74.23427,40.51747],[-74.2326,40.51584],[-74.228,40.50179],[-74.22527,40.501],[-74.22616,40.50071],[-74.22917,40.50159],[-74.23244,40.5002],[-74.23307,40.5009],[-74.23653,40.49985],[-74.23887,40.49756],[-74.24163,40.49637],[-74.24475,40.49662],[-74.24653,40.49593],[-74.24998,40.49656],[-74.25425,40.50213],[-74.2553,40.50491],[-74.25589,40.50773],[-74.25382,40.50971],[-74.2534,40.51232]]]]}},{"type":"Feature","id":"10466","properties":{"z":"10466"},"geometry":{"type":"Polygon","coordinates":[[[-73.84727,40.88128],[-73.84754,40.88093],[-73.85569,40.88421],[-73.86538,40.88688],[-73.86136,40.89466],[-73.86288,40.89515],[-73.85926,40.90034],[-73.85619,40.89919],[-73.85704,40.89794],[-73.85624,40.89763],[-73.85539,40.89888],[-73.85343,40.89811],[-73.84955,40.90304],[-73.8468,40.90155],[-73.84658,40.90315],[-73.84598,40.90316],[-73.84605,40.90411],[-73.84543,40.90428],[-73.84572,40.9048],[-73.84473,40.90473],[-73.8443,40.90408],[-73.84132,40.90399],[-73.84079,40.90169],[-73.83922,40.89948],[-73.83972,40.89751],[-73.83841,40.89406],[-73.82402,40.88975],[-73.82317,40.89055],[-73.82324,40.8912],[-73.81972,40.89021],[-73.82324,40.88748],[-73.83324,40.88435],[-73.83664,40.88212],[-73.84274,40.87942],[-73.84727,40.88128]]]}},{"type":"Feature","id":"10459","properties":{"z":"10459"},"geometry":{"type":"Polygon","coordinates":[[[-73.89419,40.83329],[-73.89443,40.83464],[-73.89388,40.83524],[-73.89313,40.83342],[-73.89216,40.83364],[-73.89174,40.83266],[-73.88519,40.83041],[-73.88489,40.8324],[-73.88222,40.83546],[-73.87998,40.83468],[-73.88397,40.82972],[-73.88457,40.82316],[-73.88701,40.82281],[-73.89024,40.82095],[-73.89543,40.81585],[-73.90002,40.8186],[-73.90088,40.81781],[-73.90211,40.81851],[-73.9016,40.8197],[-73.90299,40.82003],[-73.89851,40.82995],[-73.89902,40.832],[-73.89527,40.83403],[-73.89512,40.8332],[-73.89419,40.83329]]]}},{"type":"Feature","id":"10453","properties":{"z":"10453"},"geometry":{"type":"Polygon","coordinates":[[[-73.91664,40.85799],[-73.91616,40.85878],[-73.91102,40.8606],[-73.89995,40.85742],[-73.90741,40.84779],[-73.91105,40.84514],[-73.9142,40.84511],[-73.91397,40.84543],[-73.91508,40.84589],[-73.91709,40.84544],[-73.91703,40.8464],[-73.91918,40.8461],[-73.92104,40.84652],[-73.92266,40.84463],[-73.92824,40.84535],[-73.9239,40.85049],[-73.91929,40.85748],[-73.91759,40.85681],[-73.91722,40.85601],[-73.91664,40.85799]]]}},{"type":"Feature","id":"10474","properties":{"z":"10474"},"geometry":{"type":"Polygon","coordinates":[[[-73.87827,40.80231],[-73.88053,40.80256],[-73.88487,40.80191],[-73.88523,40.80142],[-73.88924,40.80594],[-73.89067,40.80637],[-73.90193,40.806],[-73.90189,40.80501],[-73.90299,40.80936],[-73.89641,40.81422],[-73.89543,40.81585],[-73.89024,40.82095],[-73.88701,40.82281],[-73.88457,40.82316],[-73.88291,40.81954],[-73.87852,40.8158],[-73.87196,40.81373],[-73.87063,40.81193],[-73.86838,40.80657],[-73.86916,40.80381],[-73.87204,40.80093],[-73.87486,40.80041],[-73.87474,40.80107],[-73.87601,40.80138],[-73.87601,40.80205],[-73.87827,40.80231]]]}},{"type":"Feature","id":"11214","properties":{"z":"11214"},"geometry":{"type":"Polygon","coordinates":[[[-74.01444,40.60234],[-74.01417,40.60399],[-74.00908,40.60838],[-74.00982,40.60883],[-74.00805,40.61052],[-74.00731,40.61008],[-74.00082,40.61631],[-73.99397,40.61217],[-73.9946,40.61157],[-73.99239,40.61024],[-73.99154,40.61071],[-73.99162,40.61021],[-73.98745,40.60806],[-73.98842,40.60712],[-73.98726,40.60724],[-73.98685,40.6051],[-73.98748,40.60454],[-73.98664,40.60404],[-73.9826,40.58266],[-73.98368,40.58303],[-73.98571,40.58127],[-73.98684,40.58123],[-73.98822,40.58028],[-73.99232,40.58149],[-73.99065,40.58474],[-73.99588,40.58247],[-74.00042,40.58355],[-74.00049,40.5845],[-73.99842,40.58565],[-73.99953,40.58648],[-73.9943,40.5885],[-73.99446,40.58882],[-74.00043,40.58669],[-74.00048,40.58738],[-73.99803,40.58847],[-73.99836,40.58928],[-73.9993,40.58938],[-73.99838,40.58977],[-73.99859,40.59054],[-73.99711,40.59128],[-73.99754,40.59181],[-73.9997,40.59119],[-73.99995,40.59164],[-73.99861,40.59253],[-73.99915,40.59294],[-73.99829,40.59357],[-74.00095,40.59251],[-74.00345,40.59618],[-74.01478,40.60201],[-74.01444,40.60234]]]}},{"type":"Feature","id":"11201","properties":{"z":"11201"},"geometry":{"type":"Polygon","coordinates":[[[-73.99793,40.69958],[-73.99552,40.70326],[-73.99366,40.7047],[-73.9921,40.70444],[-73.99075,40.70516],[-73.98404,40.70489],[-73.97923,40.70577],[-73.98073,40.70127],[-73.98063,40.69635],[-73.9795,40.69634],[-73.98036,40.69618],[-73.98014,40.69468],[-73.97917,40.69349],[-73.97386,40.69329],[-73.97313,40.68962],[-73.98043,40.6899],[-73.98026,40.68864],[-73.9821,40.68936],[-73.98271,40.68846],[-73.98357,40.68879],[-73.9844,40.68756],[-73.98657,40.68841],[-73.98999,40.68332],[-73.99458,40.6851],[-73.99441,40.68545],[-74.00139,40.68775],[-74.00236,40.68574],[-74.0045,40.6863],[-74.00485,40.68567],[-74.00773,40.68604],[-74.008,40.68674],[-74.00334,40.68975],[-74.00155,40.69315],[-74.00069,40.69364],[-73.99793,40.69958]]]}},{"type":"Feature","id":"11218","properties":{"z":"11218"},"geometry":{"type":"Polygon","coordinates":[[[-73.9818,40.65525],[-73.97977,40.65723],[-73.97675,40.65551],[-73.97586,40.65652],[-73.97666,40.65691],[-73.97516,40.65872],[-73.97404,40.65735],[-73.97244,40.65065],[-73.96621,40.65319],[-73.96465,40.65089],[-73.96703,40.64995],[-73.96667,40.64803],[-73.96755,40.64768],[-73.96732,40.64649],[-73.96639,40.64659],[-73.96594,40.6442],[-73.96687,40.6441],[-73.96627,40.64346],[-73.96617,40.64043],[-73.9653,40.64082],[-73.96492,40.63885],[-73.96579,40.63844],[-73.96538,40.63628],[-73.97281,40.63281],[-73.97273,40.63241],[-73.97574,40.63089],[-73.97605,40.63128],[-73.97816,40.63028],[-73.97831,40.63128],[-73.98014,40.63235],[-73.97956,40.63291],[-73.97852,40.6323],[-73.97877,40.63367],[-73.98143,40.63495],[-73.98118,40.6352],[-73.98301,40.63637],[-73.98289,40.63675],[-73.98525,40.63817],[-73.98584,40.63762],[-73.98804,40.63895],[-73.98745,40.6395],[-73.99193,40.6422],[-73.98835,40.64456],[-73.98029,40.6473],[-73.9818,40.65525]]]}},{"type":"Feature","id":"11001","properties":{"z":"11001"},"geometry":{"type":"Polygon","coordinates":[[[-73.70846,40.73508],[-73.70762,40.73546],[-73.70832,40.73733],[-73.70191,40.73871],[-73.70176,40.7383],[-73.70027,40.73924],[-73.69394,40.73071],[-73.69486,40.73051],[-73.69336,40.72529],[-73.69241,40.72554],[-73.69282,40.72421],[-73.69235,40.72373],[-73.6879,40.72332],[-73.68909,40.71799],[-73.68639,40.71622],[-73.68564,40.7151],[-73.68557,40.71556],[-73.68475,40.71498],[-73.68516,40.712],[-73.68979,40.71178],[-73.69093,40.71226],[-73.69075,40.71294],[-73.69627,40.7134],[-73.7013,40.71093],[-73.70468,40.71285],[-73.70824,40.71357],[-73.70751,40.71613],[-73.7101,40.71673],[-73.71053,40.71785],[-73.71382,40.71785],[-73.71423,40.71631],[-73.716,40.716],[-73.71977,40.71631],[-73.71966,40.71859],[-73.72175,40.71911],[-73.72239,40.72087],[-73.72918,40.71917],[-73.73033,40.72216],[-73.72513,40.72423],[-73.71829,40.72604],[-73.7105,40.72723],[-73.71055,40.72804],[-73.7116,40.72819],[-73.71182,40.72926],[-73.71061,40.72945],[-73.71089,40.73097],[-73.71204,40.73084],[-73.71229,40.73232],[-73.71148,40.7325],[-73.71251,40.73421],[-73.71396,40.73388],[-73.71474,40.73595],[-73.70922,40.73714],[-73.70846,40.73508]]]}},{"type":"Feature","id":"10034","properties":{"z":"10034"},"geometry":{"type":"Polygon","coordinates":[[[-73.92537,40.86258],[-73.92662,40.86453],[-73.92439,40.86536],[-73.925,40.86634],[-73.92961,40.86407],[-73.93131,40.85933],[-73.93305,40.85983],[-73.93243,40.86169],[-73.93274,40.86294],[-73.93379,40.86307],[-73.93507,40.85999],[-73.9367,40.85892],[-73.93971,40.85515],[-73.94276,40.85112],[-73.94319,40.84974],[-73.94705,40.85052],[-73.9432,40.85271],[-73.93779,40.85981],[-73.93318,40.86657],[-73.93349,40.86679],[-73.9323,40.86877],[-73.93286,40.8691],[-73.93148,40.87343],[-73.92847,40.87724],[-73.92255,40.87757],[-73.92187,40.87658],[-73.92238,40.8748],[-73.92069,40.87312],[-73.91969,40.87375],[-73.92064,40.87571],[-73.91751,40.87453],[-73.91146,40.87332],[-73.91059,40.87246],[-73.91177,40.8681],[-73.91443,40.86419],[-73.91591,40.86427],[-73.915,40.86353],[-73.91852,40.86098],[-73.91949,40.85883],[-73.92047,40.85912],[-73.92216,40.85561],[-73.92291,40.85591],[-73.92293,40.85894],[-73.92537,40.86258]]]}},{"type":"Feature","id":"10038","properties":{"z":"10038"},"geometry":{"type":"Polygon","coordinates":[[[-73.99753,40.71402],[-73.99608,40.7092],[-73.99402,40.70949],[-73.99414,40.71056],[-73.99203,40.71091],[-73.9919,40.70954],[-73.99923,40.70818],[-74.00127,40.70693],[-74.00145,40.70605],[-74.00097,40.70556],[-74.00217,40.70632],[-74.00255,40.70607],[-74.00169,40.70515],[-74.00284,40.70589],[-74.00321,40.70567],[-74.00255,40.70465],[-74.00378,40.70531],[-74.00288,40.7042],[-74.00403,40.70515],[-74.00455,40.70484],[-74.00363,40.7033],[-74.00474,40.70447],[-74.00523,40.70417],[-74.0047,40.70258],[-74.00598,40.70338],[-74.00671,40.70295],[-74.00552,40.70183],[-74.00701,40.70292],[-74.00753,40.7026],[-74.00777,40.70288],[-74.00457,40.70515],[-74.00519,40.70495],[-74.00678,40.70672],[-74.00713,40.70638],[-74.00865,40.70734],[-74.008,40.70798],[-74.00913,40.70929],[-74.00966,40.70876],[-74.01054,40.70915],[-74.00906,40.71089],[-74.00861,40.71137],[-74.00536,40.71215],[-74.00366,40.71198],[-74.00089,40.71301],[-74.00046,40.71437],[-73.99959,40.71445],[-73.99956,40.71393],[-73.99854,40.71345],[-73.99753,40.71402]]]}},{"type":"Feature","id":"10033","properties":{"z":"10033"},"geometry":{"type":"Polygon","coordinates":[[[-73.93795,40.85557],[-73.92815,40.85186],[-73.92469,40.85664],[-73.92531,40.85809],[-73.92757,40.85771],[-73.92472,40.86155],[-73.92293,40.85894],[-73.92291,40.85591],[-73.92216,40.85561],[-73.92911,40.84559],[-73.93199,40.84661],[-73.93467,40.84296],[-73.93886,40.84468],[-73.93868,40.84544],[-73.94024,40.84605],[-73.94052,40.84537],[-73.94261,40.84623],[-73.94234,40.84533],[-73.94326,40.84562],[-73.94336,40.84508],[-73.94467,40.84569],[-73.94276,40.85112],[-73.93895,40.85608],[-73.93795,40.85557]]]}},{"type":"Feature","id":"10001","properties":{"z":"10001"},"geometry":{"type":"Polygon","coordinates":[[[-73.99711,40.75462],[-73.99298,40.75285],[-73.99253,40.75347],[-73.98969,40.75228],[-73.99013,40.75166],[-73.98408,40.7491],[-73.98819,40.74345],[-73.98901,40.7438],[-73.98887,40.74453],[-73.99097,40.74542],[-73.99206,40.74392],[-73.99727,40.74608],[-73.99801,40.74595],[-73.99755,40.74658],[-74.0004,40.74777],[-74.00085,40.74715],[-74.00653,40.74955],[-74.00702,40.74889],[-74.00862,40.74952],[-74.00722,40.75387],[-74.00294,40.75973],[-74.00007,40.7584],[-74.0015,40.75645],[-74.00082,40.75616],[-74.00001,40.75662],[-73.99821,40.75587],[-73.99866,40.75525],[-73.99711,40.75462]],[[-73.99972,40.75165],[-74.00094,40.75211],[-74.00143,40.75144],[-73.99859,40.75024],[-73.99812,40.7509],[-73.99972,40.75165]],[[-73.99201,40.7491],[-73.99111,40.75032],[-73.99679,40.75272],[-73.99768,40.75149],[-73.99201,40.7491]]]}},{"type":"Feature","id":"10003","properties":{"z":"10003"},"geometry":{"type":"Polygon","coordinates":[[[-73.99206,40.72564],[-73.99179,40.72639],[-73.99364,40.72729],[-73.99315,40.72787],[-73.9996,40.73104],[-73.99861,40.73221],[-73.99697,40.73141],[-73.99094,40.73967],[-73.98773,40.73832],[-73.9873,40.7389],[-73.98642,40.73853],[-73.98683,40.73794],[-73.98539,40.73733],[-73.98498,40.73793],[-73.98408,40.73755],[-73.98451,40.73696],[-73.97986,40.73497],[-73.98864,40.72293],[-73.9926,40.72414],[-73.99206,40.72564]]]}},{"type":"Feature","id":"10069","properties":{"z":"10069"},"geometry":{"type":"Polygon","coordinates":[[[-73.99334,40.77273],[-73.99614,40.77383],[-73.99553,40.77412],[-73.99359,40.77296],[-73.99257,40.77517],[-73.99395,40.7751],[-73.99371,40.77548],[-73.99237,40.77557],[-73.99209,40.77593],[-73.99337,40.7759],[-73.99163,40.77668],[-73.99267,40.77699],[-73.99108,40.77742],[-73.9921,40.77771],[-73.9901,40.77817],[-73.99179,40.77816],[-73.98992,40.77857],[-73.98896,40.77969],[-73.9916,40.77982],[-73.98834,40.7797],[-73.98722,40.78101],[-73.98661,40.78071],[-73.98841,40.77651],[-73.98877,40.77667],[-73.99045,40.77161],[-73.99334,40.77273]]]}},{"type":"Feature","id":"10010","properties":{"z":"10010"},"geometry":{"type":"Polygon","coordinates":[[[-73.98227,40.73602],[-73.98451,40.73696],[-73.98408,40.73755],[-73.98498,40.73793],[-73.98539,40.73733],[-73.98683,40.73794],[-73.98642,40.73853],[-73.9873,40.7389],[-73.98773,40.73832],[-73.99403,40.74122],[-73.99097,40.74542],[-73.98887,40.74453],[-73.98901,40.7438],[-73.98819,40.74345],[-73.98775,40.74407],[-73.98453,40.74271],[-73.98498,40.74209],[-73.97509,40.73801],[-73.9737,40.74002],[-73.9758,40.74064],[-73.97534,40.74127],[-73.97315,40.7404],[-73.97232,40.7431],[-73.97157,40.74299],[-73.97249,40.73976],[-73.97214,40.73567],[-73.97422,40.73651],[-73.97434,40.73556],[-73.97212,40.7354],[-73.97308,40.73477],[-73.97408,40.73508],[-73.97378,40.73417],[-73.97224,40.73343],[-73.97398,40.73396],[-73.97365,40.73231],[-73.98227,40.73602]]]}},{"type":"Feature","id":"11379","properties":{"z":"11379"},"geometry":{"type":"Polygon","coordinates":[[[-73.89116,40.71946],[-73.88612,40.7218],[-73.88752,40.72385],[-73.88706,40.72404],[-73.88724,40.72783],[-73.88561,40.72836],[-73.87933,40.72864],[-73.87487,40.73061],[-73.87143,40.72925],[-73.8725,40.72946],[-73.87391,40.72843],[-73.87181,40.72679],[-73.87102,40.72798],[-73.87077,40.72739],[-73.87157,40.72585],[-73.87058,40.72476],[-73.86982,40.72516],[-73.86004,40.71493],[-73.85963,40.7136],[-73.86501,40.71078],[-73.87064,40.709],[-73.87484,40.70678],[-73.88553,40.70645],[-73.90285,40.71379],[-73.89275,40.71915],[-73.89116,40.71946]]]}},{"type":"Feature","id":"11367","properties":{"z":"11367"},"geometry":{"type":"Polygon","coordinates":[[[-73.80959,40.72165],[-73.80934,40.72096],[-73.81039,40.72084],[-73.80979,40.71972],[-73.80904,40.71991],[-73.80861,40.71842],[-73.81177,40.71762],[-73.81212,40.71906],[-73.81712,40.71767],[-73.81669,40.71684],[-73.81822,40.71639],[-73.8193,40.71714],[-73.82579,40.71615],[-73.83111,40.71739],[-73.83558,40.72191],[-73.83777,40.7267],[-73.84412,40.73384],[-73.84532,40.74005],[-73.83659,40.74323],[-73.82539,40.74222],[-73.82498,40.74311],[-73.81922,40.74037],[-73.81622,40.73967],[-73.81743,40.74022],[-73.81721,40.74062],[-73.81513,40.73992],[-73.81477,40.73888],[-73.80944,40.73867],[-73.80943,40.73828],[-73.81039,40.73833],[-73.81048,40.73699],[-73.81239,40.73707],[-73.81299,40.73602],[-73.81212,40.73375],[-73.81069,40.73368],[-73.81077,40.73233],[-73.81228,40.73222],[-73.81105,40.7303],[-73.81186,40.72994],[-73.81186,40.72775],[-73.81089,40.72717],[-73.81063,40.72442],[-73.80959,40.72165]]]}},{"type":"Feature","id":"11435","properties":{"z":"11435"},"geometry":{"type":"Polygon","coordinates":[[[-73.82051,40.71665],[-73.8193,40.71714],[-73.81822,40.71639],[-73.81669,40.71684],[-73.81712,40.71767],[-73.81212,40.71906],[-73.81181,40.71688],[-73.80823,40.71724],[-73.80767,40.71551],[-73.81034,40.71574],[-73.80983,40.71281],[-73.80896,40.71306],[-73.80863,40.71239],[-73.80951,40.71214],[-73.8089,40.7106],[-73.80413,40.70146],[-73.80217,40.70154],[-73.80396,40.70105],[-73.80353,40.70028],[-73.8021,40.70064],[-73.80277,40.69911],[-73.8021,40.69707],[-73.8012,40.69534],[-73.80053,40.69586],[-73.7999,40.69499],[-73.80094,40.69443],[-73.80068,40.69386],[-73.7976,40.691],[-73.79677,40.69136],[-73.79633,40.69076],[-73.79715,40.69041],[-73.7961,40.68928],[-73.79546,40.68955],[-73.795,40.68892],[-73.79561,40.68866],[-73.79521,40.68809],[-73.79458,40.68835],[-73.79415,40.68775],[-73.79478,40.68747],[-73.79391,40.6863],[-73.80577,40.68293],[-73.81961,40.70886],[-73.82387,40.71295],[-73.82576,40.71552],[-73.82579,40.71615],[-73.82051,40.71665]]]}},{"type":"Feature","id":"11692","properties":{"z":"11692"},"geometry":{"type":"Polygon","coordinates":[[[-73.78506,40.5922],[-73.78163,40.59222],[-73.78142,40.59077],[-73.7795,40.5911],[-73.77948,40.59263],[-73.7775,40.59264],[-73.77702,40.59137],[-73.77712,40.59268],[-73.7727,40.59312],[-73.77023,40.59398],[-73.76977,40.59149],[-73.7702,40.59091],[-73.77466,40.5908],[-73.78877,40.58773],[-73.80147,40.58585],[-73.80157,40.58677],[-73.80402,40.58649],[-73.8043,40.58833],[-73.80514,40.58821],[-73.80533,40.59052],[-73.80314,40.59066],[-73.80333,40.59241],[-73.80115,40.59328],[-73.80241,40.59458],[-73.80351,40.59473],[-73.80263,40.59526],[-73.80455,40.59587],[-73.80491,40.59844],[-73.8037,40.59977],[-73.79879,40.59922],[-73.79678,40.59965],[-73.79365,40.60262],[-73.78906,40.60562],[-73.78609,40.60328],[-73.79017,40.59959],[-73.79115,40.59729],[-73.79127,40.59536],[-73.79064,40.59479],[-73.78956,40.59495],[-73.78987,40.59701],[-73.78947,40.59761],[-73.7848,40.5977],[-73.78454,40.59508],[-73.78361,40.59515],[-73.78338,40.59272],[-73.78506,40.5922]]]}},{"type":"Feature","id":"11103","properties":{"z":"11103"},"geometry":{"type":"MultiPolygon","coordinates":[[[[-73.90395,40.76749],[-73.90202,40.76742],[-73.90357,40.76578],[-73.90445,40.76758],[-73.90395,40.76749]]],[[[-73.92166,40.75705],[-73.92283,40.7576],[-73.91897,40.7622],[-73.92188,40.76357],[-73.91643,40.76975],[-73.91458,40.76962],[-73.91443,40.76994],[-73.91586,40.77026],[-73.91431,40.77152],[-73.91167,40.76964],[-73.91024,40.76943],[-73.91093,40.76885],[-73.90524,40.76778],[-73.90371,40.7656],[-73.90373,40.76423],[-73.90451,40.76459],[-73.90524,40.76369],[-73.90475,40.76289],[-73.90551,40.76164],[-73.90651,40.76211],[-73.9089,40.75842],[-73.90989,40.75795],[-73.91068,40.75832],[-73.91261,40.75597],[-73.91176,40.75557],[-73.9115,40.75456],[-73.91257,40.7533],[-73.91527,40.75407],[-73.91651,40.75389],[-73.91607,40.75443],[-73.92166,40.75705]]]]}},{"type":"Feature","id":"11102","properties":{"z":"11102"},"geometry":{"type":"Polygon","coordinates":[[[-73.92425,40.76472],[-73.92644,40.76573],[-73.92597,40.76675],[-73.92782,40.76762],[-73.92856,40.76671],[-73.93523,40.76953],[-73.93425,40.77103],[-73.93808,40.77255],[-73.9384,40.77461],[-73.93574,40.77716],[-73.93497,40.77844],[-73.93509,40.77927],[-73.93411,40.77758],[-73.93186,40.77826],[-73.93182,40.77705],[-73.92797,40.77676],[-73.92601,40.77888],[-73.9246,40.77943],[-73.92042,40.78287],[-73.91797,40.78126],[-73.922,40.77795],[-73.92086,40.77716],[-73.92152,40.77661],[-73.91431,40.77152],[-73.91586,40.77026],[-73.91443,40.76994],[-73.91487,40.76947],[-73.91643,40.76975],[-73.92188,40.76357],[-73.92425,40.76472]]]}},{"type":"Feature","id":"11693","properties":{"z":"11693"},"geometry":{"type":"MultiPolygon","coordinates":[[[[-73.80514,40.58821],[-73.8043,40.58833],[-73.80402,40.58649],[-73.80157,40.58677],[-73.80147,40.58585],[-73.80636,40.58518],[-73.81551,40.58251],[-73.81591,40.58345],[-73.8177,40.5832],[-73.8188,40.58495],[-73.81957,40.58459],[-73.82017,40.58552],[-73.81937,40.58583],[-73.82009,40.58698],[-73.81884,40.58762],[-73.81907,40.58816],[-73.81321,40.59146],[-73.8116,40.59195],[-73.81113,40.59126],[-73.81003,40.59219],[-73.81074,40.59341],[-73.80981,40.59226],[-73.81023,40.59375],[-73.80982,40.59407],[-73.80443,40.59157],[-73.80882,40.59395],[-73.80682,40.59642],[-73.80443,40.59506],[-73.80401,40.59341],[-73.80243,40.59247],[-73.80333,40.59241],[-73.80314,40.59066],[-73.80533,40.59052],[-73.80514,40.58821]]],[[[-73.82243,40.60536],[-73.82325,40.60581],[-73.82097,40.60732],[-73.81947,40.60973],[-73.82063,40.61185],[-73.82131,40.61197],[-73.82196,40.61142],[-73.82113,40.60967],[-73.82214,40.60904],[-73.82303,40.60914],[-73.82424,40.61052],[-73.82415,40.61206],[-73.82166,40.61491],[-73.82018,40.61518],[-73.81757,40.61416],[-73.81716,40.61483],[-73.81646,40.61368],[-73.81421,40.61447],[-73.81392,40.61238],[-73.81622,40.61287],[-73.81587,40.61088],[-73.81633,40.61012],[-73.81405,40.61148],[-73.81431,40.61053],[-73.81601,40.60916],[-73.815,40.60826],[-73.815,40.60728],[-73.81642,40.60522],[-73.81739,40.60516],[-73.81725,40.60394],[-73.81928,40.59753],[-73.82474,40.59467],[-73.82901,40.59566],[-73.83261,40.59509],[-73.83421,40.59549],[-73.83458,40.59697],[-73.83247,40.59856],[-73.83071,40.59846],[-73.82528,40.60012],[-73.82489,40.5998],[-73.8252,40.59875],[-73.8246,40.59858],[-73.82357,40.59981],[-73.8217,40.59996],[-73.82442,40.6004],[-73.82288,40.60258],[-73.82243,40.60536]]]]}},{"type":"Feature","id":"11369","properties":{"z":"11369"},"geometry":{"type":"Polygon","coordinates":[[[-73.88268,40.76161],[-73.88301,40.76344],[-73.88394,40.76335],[-73.88427,40.76517],[-73.88241,40.76536],[-73.88277,40.76731],[-73.88755,40.76635],[-73.88767,40.76672],[-73.87686,40.77148],[-73.87306,40.77181],[-73.86805,40.77011],[-73.85938,40.76143],[-73.85581,40.75962],[-73.85441,40.75807],[-73.85775,40.75803],[-73.85816,40.75962],[-73.85921,40.76004],[-73.85889,40.7579],[-73.87793,40.75634],[-73.87832,40.75846],[-73.87924,40.75837],[-73.87886,40.75624],[-73.88258,40.75585],[-73.88325,40.75953],[-73.88268,40.76161]]]}},{"type":"Feature","id":"11363","properties":{"z":"11363"},"geometry":{"type":"Polygon","coordinates":[[[-73.73785,40.77488],[-73.73376,40.77247],[-73.73483,40.77145],[-73.73567,40.77173],[-73.73643,40.77071],[-73.73549,40.77067],[-73.73695,40.76891],[-73.73866,40.77005],[-73.73754,40.7684],[-73.7392,40.7667],[-73.74126,40.76571],[-73.74873,40.76403],[-73.75072,40.76651],[-73.75316,40.76537],[-73.75574,40.77148],[-73.75353,40.7726],[-73.75517,40.77646],[-73.75426,40.77955],[-73.75266,40.78189],[-73.75082,40.78289],[-73.74683,40.779],[-73.7459,40.7789],[-73.74676,40.78038],[-73.73785,40.77488]]]}},{"type":"Feature","id":"11371","properties":{"z":"11371"},"geometry":{"type":"Polygon","coordinates":[[[-73.86805,40.77011],[-73.87306,40.77181],[-73.87528,40.77177],[-73.87862,40.77086],[-73.88767,40.76672],[-73.88873,40.76892],[-73.88942,40.77305],[-73.88907,40.77368],[-73.88399,40.7742],[-73.8845,40.7797],[-73.87303,40.78113],[-73.85654,40.7728],[-73.8565,40.77206],[-73.85918,40.76891],[-73.86282,40.76654],[-73.86027,40.76344],[-73.86088,40.76321],[-73.86805,40.77011]]]}},{"type":"Feature","id":"11359","properties":{"z":"11359"},"geometry":{"type":"Polygon","coordinates":[[[-73.77419,40.78671],[-73.77842,40.78899],[-73.78105,40.78954],[-73.78182,40.79063],[-73.78115,40.79188],[-73.78107,40.79437],[-73.78221,40.79502],[-73.782,40.79591],[-73.77807,40.79684],[-73.77551,40.79564],[-73.77386,40.79282],[-73.77241,40.79155],[-73.77205,40.78993],[-73.77086,40.7885],[-73.77105,40.78765],[-73.77419,40.78671]]]}},{"type":"Feature","id":"10308","properties":{"z":"10308"},"geometry":{"type":"Polygon","coordinates":[[[-74.14048,40.55418],[-74.13978,40.55449],[-74.1385,40.55344],[-74.13776,40.55388],[-74.13456,40.55125],[-74.13864,40.54848],[-74.13568,40.54637],[-74.14059,40.54386],[-74.13997,40.54339],[-74.14147,40.54225],[-74.14197,40.54255],[-74.14173,40.53934],[-74.14212,40.53922],[-74.14217,40.53729],[-74.14517,40.53576],[-74.1464,40.53637],[-74.14723,40.53579],[-74.14974,40.53727],[-74.1507,40.53711],[-74.15179,40.5377],[-74.15919,40.54523],[-74.15887,40.54626],[-74.15937,40.54733],[-74.16211,40.54591],[-74.16174,40.54699],[-74.16077,40.54737],[-74.16117,40.54919],[-74.1621,40.54908],[-74.16494,40.56011],[-74.1571,40.56263],[-74.15477,40.56542],[-74.1517,40.56786],[-74.14259,40.55989],[-74.13966,40.55865],[-74.14554,40.55385],[-74.14118,40.55427],[-74.14055,40.55485],[-74.14048,40.55418]]]}}]}